leading_item_id,following_item_id,max_corr,best_lag,leader_mean,leader_std,follower_mean,follower_std,lag_x_corr,mean_ratio,std_ratio
VMAQSTJE,OGAFEHLU,0.41656746212336976,1,136660.41860465117,87565.03180566484,1785496.6279069767,3359489.1308363928,0.41656746212336976,13.06520678133751,38.3656473540011
UIFPPCLR,JPBRUTWP,0.3408346315249689,5,225302.93023255814,151018.5378721488,6196286.279069767,1328244.373028431,1.7041731576248444,27.502022599734705,8.79524058261058
ZKENOUDA,ATLDMDBO,-0.3472391561415619,1,163893.83720930232,161773.9095654481,59997368.674418606,32347299.68026454,0.3472391561415619,366.0745864253106,199.95374882732864
UGEQLMXM,ROACSLMG,0.4139551279613697,3,156311.44186046513,113236.30523025779,2137643.302325581,394841.09931520995,1.2418653838841092,13.675539531009639,3.486877274111359
UQYUIVVR,QJQJSWFU,-0.3017800226146507,1,3521687.465116279,3086917.8975832113,172761.72093023255,83125.52033012893,0.3017800226146507,0.049056516979844846,0.026928322387576965
XIPPENFQ,RAWUKQMJ,-0.38568642940536724,1,149003.3023255814,84821.17061275388,4207967.627906977,886405.4158732577,0.38568642940536724,28.24076756825206,10.45028510523204
DNMPSKTB,TANNMIMB,0.30380857860249694,6,6718478.9069767445,2173533.0110572237,100.88372093023256,488.1737304795709,1.8228514716149817,1.5015857358048074e-05,0.00022459917930664177
ELQGMQWE,LUENUFGA,-0.3131234040138535,3,386914.3023255814,184187.38995451733,6410190.837209302,4770467.673868264,0.9393702120415606,16.567469330194662,25.90007749727258
BSRMSVTC,STZDBITS,0.4592236712288361,5,521682.3953488372,573916.8856602091,24595488.48837209,10320964.82063318,2.2961183561441807,47.14647975015239,17.983378915123584
UIFPPCLR,JPBRUTWP,0.3408346315249689,5,225302.93023255814,151018.5378721488,6196286.279069767,1328244.373028431,1.7041731576248444,27.502022599734705,8.79524058261058
FWUCPMMW,RUVXNNVA,0.6058188436779159,5,2272.6279069767443,6452.598268890318,6.465116279069767,31.06134128882553,3.02909421838958,0.0028447755377718105,0.004813772683442373
DBWLZWNK,AXULOHBQ,0.5415181814678813,6,496985.25581395347,283852.3825472058,96264.09302325582,68687.62776235072,3.249109088807288,0.19369607427367744,0.24198362242277713
WQMVCOEM,QSDCUCLB,0.5051833370936777,6,146883.09302325582,122762.57339153606,64.95348837209302,197.1710334742901,3.0311000225620663,0.00044221215004892905,0.0016061168157809086
FQCLOEXA,PYZMVUWD,-0.495595201985277,5,1543955.1395348837,388064.11943692074,12327.976744186046,17444.10107462648,2.477976009926385,0.007984672888806771,0.04495159485471844
TGOELCAG,FRHNWLNI,-0.36556803523879333,6,203362.6976744186,309900.61848685704,1301803.9069767443,458421.81215312914,2.19340821143276,6.401389841191605,1.4792542667064463
BUZIIBYG,BJALXPFS,-0.33277831383814105,1,17218971.790697675,2252755.700802552,164484.27906976745,91116.96303929096,0.33277831383814105,0.009552502964121145,0.04044689044923504
DJBLNPNC,LRVGFDFM,0.36080142883824434,5,1983.5581395348838,5051.180811994062,18698103.372093022,18697580.01695645,1.8040071441912218,9426.54666379021,3701.6255622561152
BSRMSVTC,SAHWCZNH,0.35882615055352785,3,521682.3953488372,573916.8856602091,2155944.5581395347,1218372.3496791958,1.0764784516605834,4.132676466288978,2.1229073061258865
ZKENOUDA,ELQGMQWE,0.4112732694808207,3,163893.83720930232,161773.9095654481,386914.3023255814,184187.38995451733,1.233819808442462,2.3607617523110873,1.1385481778127082
QJQJSWFU,BEZYMBBT,0.3848549432958962,3,172761.72093023255,83125.52033012893,4939372.674418605,988692.1366975273,1.1545648298876885,28.590666079233557,11.893966290485654
GKQIJYDH,ELQGMQWE,0.3581397638723409,2,14118353.488372093,12827842.650181666,386914.3023255814,184187.38995451733,0.7162795277446818,0.02740505843292686,0.014358407331406933
KAGJCHMR,FTSVTTSR,0.330789702334275,4,22543.418604651164,34677.543918173666,178820.76744186046,236085.0065819156,1.3231588093371,7.932282612941137,6.80800829298009
LTOYKIML,LLHREMKS,0.5091538722641084,6,334008.511627907,156962.93340583995,54678.93023255814,69750.10861853519,3.05492323358465,0.16370520010372666,0.4443731211224656
BJALXPFS,ATLDMDBO,0.3462245389913851,2,164484.27906976745,91116.96303929096,59997368.674418606,32347299.68026454,0.6924490779827702,364.76050485411696,355.0085362915455
DBWLZWNK,QVLMOEYE,0.6173289033316591,2,496985.25581395347,283852.3825472058,1939898.511627907,1283837.9967118828,1.2346578066633183,3.903332118871158,4.522907242090358
RAWUKQMJ,APQGTRMF,0.32090470914438163,1,4207967.627906977,886405.4158732577,257208.13953488372,209590.88830924782,0.32090470914438163,0.06112407753069067,0.2364503697244779
NZKBIBNU,SUOYXCHP,0.3342280284367298,4,249490.93023255814,108771.9963363509,37054.53488372093,94112.20995874314,1.336912113746919,0.14852056886008938,0.8652246269973647
BEZYMBBT,APQGTRMF,0.39900449382997866,2,4939372.674418605,988692.1366975273,257208.13953488372,209590.88830924782,0.7980089876599573,0.052073037709208014,0.21198801985936744
ELQGMQWE,AANGBULD,0.5790457764012934,1,386914.3023255814,184187.38995451733,84017.69767441861,143585.74825850618,0.5790457764012934,0.2171480794822159,0.7795634016703491
UIFPPCLR,UGEQLMXM,0.31810804429225537,1,225302.93023255814,151018.5378721488,156311.44186046513,113236.30523025779,0.31810804429225537,0.6937834394715877,0.7498172530671234
GKQIJYDH,UQYUIVVR,0.33388382427915486,6,14118353.488372093,12827842.650181666,3521687.465116279,3086917.8975832113,2.003302945674929,0.2494403804251324,0.2406420145432057
GYHKIVQT,JPBRUTWP,0.3722937463949605,5,33878135.13953488,13339531.559942342,6196286.279069767,1328244.373028431,1.8614687319748024,0.18289927274771048,0.0995720402219336
STZDBITS,FITUEHWN,-0.34620409186664575,6,24595488.48837209,10320964.82063318,61688.11627906977,38368.825764171655,2.0772245511998744,0.002508106976945439,0.0037175619170276416
JSLXRQOK,YSYHGLQK,0.38529202271421387,5,15152.06976744186,30474.253649708313,2228.7906976744184,2578.005796429693,1.9264601135710693,0.1470948016828999,0.08459619145979552
DEWLVASR,RAWUKQMJ,-0.41764308038101766,3,220110.41860465117,175703.7543836854,4207967.627906977,886405.4158732577,1.252929241143053,19.1175304402376,5.0448860297689695
EVBVXETX,WQMVCOEM,0.3666106941306622,6,4595340.441860465,777360.3161292231,146883.09302325582,122762.57339153606,2.1996641647839734,0.03196348450818083,0.15792235703857427
STZDBITS,FITUEHWN,-0.34620409186664575,6,24595488.48837209,10320964.82063318,61688.11627906977,38368.825764171655,2.0772245511998744,0.002508106976945439,0.0037175619170276416
LUENUFGA,IGDVVKUD,-0.30358835772859266,2,6410190.837209302,4770467.673868264,14109.418604651162,32400.974022993865,0.6071767154571853,0.002201091818163645,0.006791991108224795
HXYSSRXE,FDXPMYGF,0.433899377456495,3,6607692.0,1492172.1847179234,5110.325581395349,11074.699991150854,1.301698132369485,0.0007733904033957054,0.007421864651120652
APQGTRMF,DBWLZWNK,0.49155898201186426,6,257208.13953488372,209590.88830924782,496985.25581395347,283852.3825472058,2.9493538920711857,1.9322298925326888,1.354316424896449
RJGPVEXX,SDWAYPIK,-0.4665014528066746,1,516165.72093023255,193020.79378830225,10189508.627906976,6060078.075849837,0.4665014528066746,19.740769707689477,31.39598567014961
PYZMVUWD,ZXERAXWP,-0.49379139663988364,4,12327.976744186046,17444.10107462648,11297.418604651162,7662.4752853884465,1.9751655865595346,0.9164049250062621,0.4392588217741257
XUOIQPFL,DUCMGGNW,0.3463329700753583,6,4558579.162790698,1825750.6538506409,1329999.7209302327,580113.1993253188,2.0779978204521496,0.2917575133467099,0.3177395544684594
EVBVXETX,APQGTRMF,0.32508386608412915,1,4595340.441860465,777360.3161292231,257208.13953488372,209590.88830924782,0.32508386608412915,0.055971509138220604,0.2696187134334463
DEWLVASR,DUCMGGNW,-0.356495766568605,5,220110.41860465117,175703.7543836854,1329999.7209302327,580113.1993253188,1.782478832843025,6.042420569437261,3.301655114638133
GMBFCMIU,HXYSSRXE,0.45916221594699674,3,26.27906976744186,170.30783695816,6607692.0,1492172.1847179234,1.3774866478409902,251443.13733446467,8761.61780108153
OKMBFVKS,ATLDMDBO,0.41800526645759684,2,2362445.5581395347,368425.6810733831,59997368.674418606,32347299.68026454,0.8360105329151937,25.396296844885665,87.79871041002107
BUZIIBYG,BTMOEMEP,0.49898839708240966,3,17218971.790697675,2252755.700802552,16395223.837209303,10213763.14944862,1.496965191247229,0.9521604446826295,4.5338973710311326
IGDVVKUD,FDXPMYGF,0.4661046971473349,4,14109.418604651162,32400.974022993865,5110.325581395349,11074.699991150854,1.8644187885893395,0.3621924987999534,0.34180145272638146
ZXERAXWP,UXSPKBJR,-0.30891227423718104,3,11297.418604651162,7662.4752853884465,713685.7674418605,510105.31330486346,0.9267368227115431,63.17246375954085,66.57187060831505
IGDVVKUD,FWUCPMMW,0.4002366890282412,5,14109.418604651162,32400.974022993865,2272.6279069767443,6452.598268890318,2.0011834451412063,0.16107169051363335,0.1991482806693398
HCDTGMST,QSDCUCLB,0.486875628769703,3,72436.02325581395,102594.09928643463,64.95348837209302,197.1710334742901,1.460626886309109,0.0008967014677463391,0.0019218554950405314
BLANHGYY,ROACSLMG,-0.3621260611770569,4,12588.116279069767,24521.891661552087,2137643.302325581,394841.09931520995,1.4485042447082277,169.8143911897304,16.101575879571328
DUCMGGNW,WQMVCOEM,0.3013492190048892,5,1329999.7209302327,580113.1993253188,146883.09302325582,122762.57339153606,1.506746095024446,0.11043843897983072,0.21161830748567578
BSRMSVTC,PLMZALFA,0.5549648736680068,3,521682.3953488372,573916.8856602091,125.23255813953489,461.5565090354494,1.6648946210040205,0.00024005517390625125,0.0008042218665577169
NAQIHUKZ,SNHYOVBM,0.35670839113229663,2,4709.488372093023,12506.38968291919,561061.023255814,576273.7883040103,0.7134167822645933,119.1341773899166,46.07834897748208
STZDBITS,JSLXRQOK,0.3278153859081207,6,24595488.48837209,10320964.82063318,15152.06976744186,30474.253649708313,1.9668923154487241,0.0006160507759219593,0.0029526555103436343
DNMPSKTB,APQGTRMF,0.43340481702333405,1,6718478.9069767445,2173533.0110572237,257208.13953488372,209590.88830924782,0.43340481702333405,0.03828368639629871,0.09642866579109592
FCYBOAXC,WBLJNPZQ,0.39822185340702526,5,108651086.46511628,8016054.328206619,335144.6046511628,199495.26606263575,1.9911092670351263,0.0030845950607108,0.024886965319163783
TGOELCAG,AHMDUILJ,-0.34432780502369664,4,203362.6976744186,309900.61848685704,126828.81395348837,45511.535634159176,1.3773112200947866,0.6236581998726051,0.14685848597602097
KFQSHBNH,UQYUIVVR,0.42963898002783824,6,1129436.1860465116,2874557.073510333,3521687.465116279,3086917.8975832113,2.5778338801670295,3.1180933536763216,1.0738760159012863
KAGJCHMR,JSLXRQOK,0.4375394638772978,5,22543.418604651164,34677.543918173666,15152.06976744186,30474.253649708313,2.187697319386489,0.6721283063804508,0.8787892741405685
BUZIIBYG,SNHYOVBM,-0.38125946014612416,6,17218971.790697675,2252755.700802552,561061.023255814,576273.7883040103,2.287556760876745,0.03258388654535617,0.25580838086369284
JPBRUTWP,SDWAYPIK,0.5202617084877535,1,6196286.279069767,1328244.373028431,10189508.627906976,6060078.075849837,0.5202617084877535,1.644454140591299,4.56247223696355
UGEQLMXM,GMBFCMIU,0.7498711371863419,2,156311.44186046513,113236.30523025779,26.27906976744186,170.30783695816,1.4997422743726838,0.0001681199370595809,0.0015040038317247055
FITUEHWN,KJNSOAHR,0.403137990805407,2,61688.11627906977,38368.825764171655,6980013.720930233,4684817.383908574,0.806275981610814,113.15005452979506,122.09957668710048
QRKRBYJL,AANGBULD,-0.4187104706439548,4,5150163.976744186,4325851.483678751,84017.69767441861,143585.74825850618,1.6748418825758191,0.016313596626008075,0.0331924821737907
BLANHGYY,LRVGFDFM,0.44541003854985095,5,12588.116279069767,24521.891661552087,18698103.372093022,18697580.01695645,2.227050192749255,1485.3773953214063,762.4852223578628
AXULOHBQ,ZGJXVMNI,-0.4183388371154606,2,96264.09302325582,68687.62776235072,2256273.1395348837,843815.2684755664,0.8366776742309212,23.43836698244658,12.284821822392248
ZGJXVMNI,QJQJSWFU,-0.37380242791679247,5,2256273.1395348837,843815.2684755664,172761.72093023255,83125.52033012893,1.8690121395839623,0.07656950654731888,0.09851151482504539
QKXNTIIB,UQYUIVVR,0.38877716355421754,2,1930363.0232558139,1047727.7871818389,3521687.465116279,3086917.8975832113,0.7775543271084351,1.8243653772307868,2.9462976312610802
ELQGMQWE,XMKRPGLB,-0.3510798832407546,6,386914.3023255814,184187.38995451733,1125717.2325581396,668126.9581434646,2.1064792994445276,2.9094743352442927,3.62743051142004
XUOIQPFL,APQGTRMF,0.5666705988450761,6,4558579.162790698,1825750.6538506409,257208.13953488372,209590.88830924782,3.4000235930704568,0.05642287439785692,0.11479710434011928
GIKPEWTY,VUAFAIYJ,-0.36206970241127906,5,2196.767441860465,8300.74432593375,388225.16279069765,275072.6955299931,1.8103485120563954,176.7256538931495,33.13831684195524
SDWAYPIK,DBWLZWNK,0.48846472928424356,1,10189508.627906976,6060078.075849837,496985.25581395347,283852.3825472058,0.48846472928424356,0.048774212178668154,0.046839723679195804
LRVGFDFM,ANWUJOKX,0.4503419636021628,5,18698103.372093022,18697580.01695645,8146.720930232558,20346.24423410247,2.2517098180108137,0.0004356977158651893,0.0010881752727171
SDWAYPIK,FITUEHWN,-0.39986750669796983,6,10189508.627906976,6060078.075849837,61688.11627906977,38368.825764171655,2.399205040187819,0.00605408155895885,0.006331407827412299
AHMDUILJ,WQMVCOEM,0.3609068698343999,5,126828.81395348837,45511.535634159176,146883.09302325582,122762.57339153606,1.8045343491719996,1.1581208437064137,2.6973946644133426
PLMZALFA,VWMBASNE,0.6016828481439438,4,125.23255813953489,461.5565090354494,457042.3023255814,638471.8526951509,2.406731392575775,3649.548531674914,1383.3015867246975
VBYCLTYZ,UGEQLMXM,0.4464518881551971,4,484941.06976744183,287648.9458131452,156311.44186046513,113236.30523025779,1.7858075526207884,0.32233079770930406,0.39366146435809174
FTSVTTSR,RUVXNNVA,0.933474607095508,1,178820.76744186046,236085.0065819156,6.465116279069767,31.06134128882553,0.933474607095508,3.615416918024133e-05,0.00013156846230265136
RCBZUSIM,DBWLZWNK,0.3256208124233764,4,12569.32558139535,10302.087545782819,496985.25581395347,283852.3825472058,1.3024832496935057,39.53953237634588,27.552899473839982
DEWLVASR,FCYBOAXC,0.3727265498383467,6,220110.41860465117,175703.7543836854,108651086.46511628,8016054.328206619,2.23635929903008,493.62082519035624,45.62255574036448
PLMZALFA,JERHKLYW,0.5121580675742465,1,125.23255813953489,461.5565090354494,7777.790697674419,7073.338413014731,0.5121580675742465,62.10677759134792,15.324967277509465
ROACSLMG,GYHKIVQT,0.3597880771351752,2,2137643.302325581,394841.09931520995,33878135.13953488,13339531.559942342,0.7195761542703504,15.848357442358319,33.78455683322705
ATLDMDBO,LRVGFDFM,0.5657641728717883,1,59997368.674418606,32347299.68026454,18698103.372093022,18697580.01695645,0.5657641728717883,0.31164872368919605,0.5780259929506103
BSRMSVTC,VWMBASNE,0.3036524781672117,6,521682.3953488372,573916.8856602091,457042.3023255814,638471.8526951509,1.8219148690032703,0.8760930144462541,1.1124813864982697
SDWAYPIK,QJQJSWFU,0.43979182875466233,1,10189508.627906976,6060078.075849837,172761.72093023255,83125.52033012893,0.43979182875466233,0.016954862814194654,0.013716905836804434
OGAFEHLU,VBYCLTYZ,0.6840493344619353,2,1785496.6279069767,3359489.1308363928,484941.06976744183,287648.9458131452,1.3680986689238706,0.2716001039641478,0.08562282377185286
BEZYMBBT,DBWLZWNK,0.48127855397214303,3,4939372.674418605,988692.1366975273,496985.25581395347,283852.3825472058,1.4438356619164292,0.10061708005710485,0.28709885717818573
XUOIQPFL,BTMOEMEP,0.466944246148903,6,4558579.162790698,1825750.6538506409,16395223.837209303,10213763.14944862,2.801665476893418,3.596564467067142,5.5942815235483865
KJNSOAHR,FCYBOAXC,0.40475363935873643,2,6980013.720930233,4684817.383908574,108651086.46511628,8016054.328206619,0.8095072787174729,15.566027633914262,1.711070821188992
XMKRPGLB,VMAQSTJE,0.36910368015386447,3,1125717.2325581396,668126.9581434646,136660.41860465117,87565.03180566484,1.1073110404615933,0.12139853122260143,0.13106046798179222
BLANHGYY,BUZIIBYG,-0.32323037502872604,4,12588.116279069767,24521.891661552087,17218971.790697675,2252755.700802552,1.2929215001149041,1367.8751774766924,91.86712557917316
KEUWZRKO,JPBRUTWP,-0.31538912423612603,4,562964.0697674418,574669.8308499713,6196286.279069767,1328244.373028431,1.2615564969445041,11.006539514357321,2.311317389085079
LRVGFDFM,PYZMVUWD,0.342939014968212,1,18698103.372093022,18697580.01695645,12327.976744186046,17444.10107462648,0.342939014968212,0.0006593169638041969,0.0009329603648603645
JBVHSUWY,RJGPVEXX,-0.30051930287621237,5,443156.76744186046,340002.2276556871,516165.72093023255,193020.79378830225,1.5025965143810618,1.1647474637669517,0.5677044974634771
OGAFEHLU,VBYCLTYZ,0.6840493344619353,2,1785496.6279069767,3359489.1308363928,484941.06976744183,287648.9458131452,1.3680986689238706,0.2716001039641478,0.08562282377185286
LRVGFDFM,VWMBASNE,0.45620072323364874,6,18698103.372093022,18697580.01695645,457042.3023255814,638471.8526951509,2.7372043394018926,0.024443243960651864,0.034147298854509504
JPBRUTWP,ZGJXVMNI,-0.5586784805736739,4,6196286.279069767,1328244.373028431,2256273.1395348837,843815.2684755664,2.2347139222946955,0.3641331336087409,0.6352861608974941
KFQSHBNH,ELQGMQWE,0.5728483214541049,1,1129436.1860465116,2874557.073510333,386914.3023255814,184187.38995451733,0.5728483214541049,0.34257296437401835,0.06407505060580639
VWMBASNE,AHMDUILJ,0.37076406603601986,1,457042.3023255814,638471.8526951509,126828.81395348837,45511.535634159176,0.37076406603601986,0.2774990702345586,0.07128197655381707
DEWLVASR,JBVHSUWY,-0.3537421560133265,2,220110.41860465117,175703.7543836854,443156.76744186046,340002.2276556871,0.707484312026653,2.013338442810461,1.9350880056398054
DBWLZWNK,RJCAXSGH,-0.324894923061651,1,496985.25581395347,283852.3825472058,716460.5813953489,1637170.1541742936,0.324894923061651,1.4416133537412514,5.767681565597774
FTSVTTSR,QKXNTIIB,0.3536194657648354,6,178820.76744186046,236085.0065819156,1930363.0232558139,1047727.7871818389,2.1217167945890125,10.794959952694716,4.437925992618534
BEZYMBBT,SDWAYPIK,0.4164391527700772,3,4939372.674418605,988692.1366975273,10189508.627906976,6060078.075849837,1.2493174583102316,2.062915535949974,6.1293883615640405
UXSPKBJR,AXULOHBQ,0.3404789368431178,5,713685.7674418605,510105.31330486346,96264.09302325582,68687.62776235072,1.702394684215589,0.13488302193298674,0.1346538174974175
LLHREMKS,BLANHGYY,0.5056226919024112,6,54678.93023255814,69750.10861853519,12588.116279069767,24521.891661552087,3.033736151414467,0.23021877394638665,0.35156779174798514
BJALXPFS,HXYSSRXE,0.3319749961073903,2,164484.27906976745,91116.96303929096,6607692.0,1492172.1847179234,0.6639499922147806,40.17217959873914,16.37644775384031
AANGBULD,SAAYMURU,0.3510422992767649,3,84017.69767441861,143585.74825850618,25864.20930232558,22117.32341091863,1.0531268978302948,0.30784239532777363,0.15403564545239842
DJBLNPNC,BJALXPFS,0.345542828875682,3,1983.5581395348838,5051.180811994062,164484.27906976745,91116.96303929096,1.036628486627046,82.92385068451425,18.038745080139357
GIKPEWTY,SNHYOVBM,0.380609281329243,1,2196.767441860465,8300.74432593375,561061.023255814,576273.7883040103,0.380609281329243,255.40301276736085,69.42435107104217
LSOIUSXD,EVBVXETX,-0.35846241991234845,4,127645.02325581395,83896.6526178955,4595340.441860465,777360.3161292231,1.4338496796493938,36.00093700962334,9.265689295858072
VBYCLTYZ,OXKURKXR,0.4059264758409722,1,484941.06976744183,287648.9458131452,130175.88372093023,73528.8206833178,0.4059264758409722,0.268436500507348,0.25561999010705916
DBWLZWNK,VWMBASNE,0.3363123168119838,4,496985.25581395347,283852.3825472058,457042.3023255814,638471.8526951509,1.3452492672479353,0.9196295000263662,2.2493094719284983
ZGJXVMNI,QJQJSWFU,-0.37380242791679247,5,2256273.1395348837,843815.2684755664,172761.72093023255,83125.52033012893,1.8690121395839623,0.07656950654731888,0.09851151482504539
RJGPVEXX,GYHKIVQT,-0.5210493039896075,1,516165.72093023255,193020.79378830225,33878135.13953488,13339531.559942342,0.5210493039896075,65.63422126989401,69.10929800912287
DBWLZWNK,DEWLVASR,-0.3643438624221682,5,496985.25581395347,283852.3825472058,220110.41860465117,175703.7543836854,1.821719312110841,0.4428912448191555,0.6189969335693215
RCBZUSIM,BEZYMBBT,0.3082047067690379,1,12569.32558139535,10302.087545782819,4939372.674418605,988692.1366975273,0.3082047067690379,392.97038190630616,95.97007715259421
QVLMOEYE,AANGBULD,-0.34369242753044354,6,1939898.511627907,1283837.9967118828,84017.69767441861,143585.74825850618,2.062154565182661,0.04331035730517163,0.11184101781232579
BLANHGYY,TANNMIMB,0.3055825318562988,3,12588.116279069767,24521.891661552087,100.88372093023256,488.1737304795709,0.9167475955688964,0.00801420313299437,0.019907670142147785
SAHWCZNH,QRKRBYJL,-0.32356852462753327,1,2155944.5581395347,1218372.3496791958,5150163.976744186,4325851.483678751,0.32356852462753327,2.388820230695596,3.5505167897270655
XUOIQPFL,RCBZUSIM,0.4356877068011097,5,4558579.162790698,1825750.6538506409,12569.32558139535,10302.087545782819,2.1784385340055485,0.002757290184623629,0.005642658554742579
FQCLOEXA,GMBFCMIU,0.37543662223546137,2,1543955.1395348837,388064.11943692074,26.27906976744186,170.30783695816,0.7508732444709227,1.7020617435388315e-05,0.00043886519888733085
ZKENOUDA,OGAFEHLU,-0.3118143169649684,1,163893.83720930232,161773.9095654481,1785496.6279069767,3359489.1308363928,0.3118143169649684,10.894226764706811,20.766569466237037
KJNSOAHR,FQCLOEXA,0.3351971497912931,2,6980013.720930233,4684817.383908574,1543955.1395348837,388064.11943692074,0.6703942995825862,0.22119657657763145,0.08283441757404714
BEZYMBBT,QRKRBYJL,0.4532246036288978,6,4939372.674418605,988692.1366975273,5150163.976744186,4325851.483678751,2.719347621773387,1.0426757234610466,4.375327084246643
UGEQLMXM,HXYSSRXE,0.5524630537543328,5,156311.44186046513,113236.30523025779,6607692.0,1492172.1847179234,2.762315268771664,42.2726060313373,13.177506822308644
FCYBOAXC,BEZYMBBT,-0.3102949416916661,3,108651086.46511628,8016054.328206619,4939372.674418605,988692.1366975273,0.9308848250749984,0.04546086776596021,0.12333900148585915
PYZMVUWD,ZKENOUDA,-0.36951534387956925,5,12327.976744186046,17444.10107462648,163893.83720930232,161773.9095654481,1.8475767193978463,13.294463527707517,9.273846147995803
CCLHWFWF,WHPUAOID,0.4288821799002204,6,25162736.30232558,11154521.343319219,53371.651162790695,55306.92296078259,2.5732930794013225,0.002121059113823638,0.004958251569790812
LRVGFDFM,APQGTRMF,0.45707439679026934,6,18698103.372093022,18697580.01695645,257208.13953488372,209590.88830924782,2.742446380741616,0.013755841136206036,0.011209519527081204
OGAFEHLU,BEZYMBBT,0.39866354441818724,6,1785496.6279069767,3359489.1308363928,4939372.674418605,988692.1366975273,2.3919812665091236,2.7663858879453325,0.29429835852782893
GYHKIVQT,KJNSOAHR,-0.5127900996671166,1,33878135.13953488,13339531.559942342,6980013.720930233,4684817.383908574,0.5127900996671166,0.2060329971582331,0.35119804341378774
DNMPSKTB,TANNMIMB,0.30380857860249694,6,6718478.9069767445,2173533.0110572237,100.88372093023256,488.1737304795709,1.8228514716149817,1.5015857358048074e-05,0.00022459917930664177
GKQIJYDH,LPHPPJUG,-0.3424771419180091,5,14118353.488372093,12827842.650181666,1147320.7674418604,186983.30866159935,1.7123857095900454,0.08126448798627368,0.014576364378692839
AANGBULD,LLHREMKS,0.499733911062816,5,84017.69767441861,143585.74825850618,54678.93023255814,69750.10861853519,2.49866955531408,0.6508025302454316,0.48577320147730846
ELQGMQWE,BEZYMBBT,-0.3986814807639936,1,386914.3023255814,184187.38995451733,4939372.674418605,988692.1366975273,0.3986814807639936,12.766063814951575,5.3678600741142155
UGEQLMXM,DBWLZWNK,0.5339385437790456,1,156311.44186046513,113236.30523025779,496985.25581395347,283852.3825472058,0.5339385437790456,3.179455386601954,2.5067259300584377
LRVGFDFM,IGDVVKUD,0.6889513490734018,2,18698103.372093022,18697580.01695645,14109.418604651162,32400.974022993865,1.3779026981468037,0.0007545908974761986,0.001732896663290563
PYZMVUWD,JPBRUTWP,0.3612687455093595,1,12327.976744186046,17444.10107462648,6196286.279069767,1328244.373028431,0.3612687455093595,502.6198870377782,76.14289594344883
WBLJNPZQ,AANGBULD,-0.4316703874125683,2,335144.6046511628,199495.26606263575,84017.69767441861,143585.74825850618,0.8633407748251366,0.2506908853914513,0.719745140281698
BLANHGYY,HXYSSRXE,0.44824755736149535,2,12588.116279069767,24521.891661552087,6607692.0,1492172.1847179234,0.8964951147229907,524.915074899783,60.85061484047954
AHMDUILJ,XUOIQPFL,0.38186150939421404,1,126828.81395348837,45511.535634159176,4558579.162790698,1825750.6538506409,0.38186150939421404,35.94277215606946,40.11621731436782
QSDCUCLB,QVLMOEYE,0.5587905564133026,5,64.95348837209302,197.1710334742901,1939898.511627907,1283837.9967118828,2.793952782066513,29865.96302032352,6511.291073432429
HCDTGMST,QKXNTIIB,0.3498286069032063,4,72436.02325581395,102594.09928643463,1930363.0232558139,1047727.7871818389,1.399314427612825,26.649213146502042,10.212359136235051
ZCELVYQU,BEZYMBBT,-0.37614226294877734,3,198605.41860465117,293447.5028855728,4939372.674418605,988692.1366975273,1.128426788846332,24.870281531573774,3.3692300223106333
WBLJNPZQ,BJALXPFS,0.527109435406401,6,335144.6046511628,199495.26606263575,164484.27906976745,91116.96303929096,3.162656612438406,0.4907859974069434,0.4567374697012917
OXKURKXR,DEWLVASR,-0.43616156783949767,5,130175.88372093023,73528.8206833178,220110.41860465117,175703.7543836854,2.180807839197488,1.6908694015462253,2.3895902688013524
DJBLNPNC,BJALXPFS,0.345542828875682,3,1983.5581395348838,5051.180811994062,164484.27906976745,91116.96303929096,1.036628486627046,82.92385068451425,18.038745080139357
SNHYOVBM,FDXPMYGF,0.397906104794737,5,561061.023255814,576273.7883040103,5110.325581395349,11074.699991150854,1.989530523973685,0.009108323996080199,0.019217774981098452
SDWAYPIK,LPHPPJUG,-0.5619192625594692,4,10189508.627906976,6060078.075849837,1147320.7674418604,186983.30866159935,2.247677050237877,0.11259824289264266,0.03085493393339604
TGOELCAG,OKMBFVKS,-0.32262301460250103,6,203362.6976744186,309900.61848685704,2362445.5581395347,368425.6810733831,1.935738087615006,11.616907058885335,1.1888510673876542
OGAFEHLU,LPHPPJUG,-0.3651338773227188,4,1785496.6279069767,3359489.1308363928,1147320.7674418604,186983.30866159935,1.4605355092908752,0.6425779525476609,0.055658256770424956
PYZMVUWD,TANNMIMB,0.4528727277596809,2,12327.976744186046,17444.10107462648,100.88372093023256,488.1737304795709,0.9057454555193618,0.008183315317302708,0.027985032210210283
BJALXPFS,ANWUJOKX,0.3081551403192219,3,164484.27906976745,91116.96303929096,8146.720930232558,20346.24423410247,0.9244654209576657,0.04952887276678597,0.2232980946160988
RJGPVEXX,FTSVTTSR,0.3123988975017047,6,516165.72093023255,193020.79378830225,178820.76744186046,236085.0065819156,1.8743933850102281,0.34644061042884383,1.223106598761693
WQMVCOEM,FDXPMYGF,0.41075752584591957,2,146883.09302325582,122762.57339153606,5110.325581395349,11074.699991150854,0.8215150516918391,0.03479178900836086,0.09021234799094065
HXYSSRXE,BLANHGYY,0.4865534342287093,2,6607692.0,1492172.1847179234,12588.116279069767,24521.891661552087,0.9731068684574186,0.0019050700727376308,0.01643368768877783
EVBVXETX,KEUWZRKO,-0.5144853420989628,1,4595340.441860465,777360.3161292231,562964.0697674418,574669.8308499713,0.5144853420989628,0.12250758717223531,0.7392579977721718
JERHKLYW,TANNMIMB,0.44400986976595036,1,7777.790697674419,7073.338413014731,100.88372093023256,488.1737304795709,0.44400986976595036,0.012970742571849655,0.06901602919384286
LUENUFGA,WPQXWHYO,-0.3942268834290138,2,6410190.837209302,4770467.673868264,9520863.139534883,2338027.3055150933,0.7884537668580276,1.4852698431796356,0.49010442274284394
KEUWZRKO,PLMZALFA,0.33788771238977444,1,562964.0697674418,574669.8308499713,125.23255813953489,461.5565090354494,0.33788771238977444,0.00022245213303052447,0.000803168157186843
APQGTRMF,JERHKLYW,-0.3270223072924193,2,257208.13953488372,209590.88830924782,7777.790697674419,7073.338413014731,0.6540446145848386,0.030239286795934857,0.03374831067343152
LUENUFGA,DNMPSKTB,-0.5356458610339999,6,6410190.837209302,4770467.673868264,6718478.9069767445,2173533.0110572237,3.2138751662039997,1.0480934308502754,0.4556226264697229
VBYCLTYZ,GMBFCMIU,0.3486901592222127,2,484941.06976744183,287648.9458131452,26.27906976744186,170.30783695816,0.6973803184444254,5.419023342359939e-05,0.0005920683508021571
MBSBZBXA,JBVHSUWY,-0.3772502899488192,4,3803410.093023256,2072509.4697062958,443156.76744186046,340002.2276556871,1.5090011597952768,0.11651564164869936,0.16405340126320686
QVLMOEYE,UGEQLMXM,0.35769575081691585,3,1939898.511627907,1283837.9967118828,156311.44186046513,113236.30523025779,1.0730872524507475,0.08057712345436695,0.08820139731039751
XMKRPGLB,OXKURKXR,0.30798707012945076,6,1125717.2325581396,668126.9581434646,130175.88372093023,73528.8206833178,1.8479224207767047,0.11563817267414127,0.11005216865896789
SDWAYPIK,FCYBOAXC,-0.30718981238814264,5,10189508.627906976,6060078.075849837,108651086.46511628,8016054.328206619,1.5359490619407132,10.663034934533796,1.3227642000439346
ZGJXVMNI,BSRMSVTC,-0.3056433493148588,1,2256273.1395348837,843815.2684755664,521682.3953488372,573916.8856602091,0.3056433493148588,0.23121420284077288,0.6801451776244404
BSRMSVTC,WPQXWHYO,-0.534186185602819,3,521682.3953488372,573916.8856602091,9520863.139534883,2338027.3055150933,1.6025585568084573,18.25030559666528,4.073808183603893
FCYBOAXC,FWUCPMMW,0.42534277261675063,3,108651086.46511628,8016054.328206619,2272.6279069767443,6452.598268890318,1.2760283178502518,2.0916752707359052e-05,0.0008049593983144961
QKXNTIIB,ELQGMQWE,0.3369216905942419,1,1930363.0232558139,1047727.7871818389,386914.3023255814,184187.38995451733,0.3369216905942419,0.2004360307693827,0.17579698869089438
AXULOHBQ,WPQXWHYO,-0.5495221148217364,6,96264.09302325582,68687.62776235072,9520863.139534883,2338027.3055150933,3.2971326889304184,98.9035770288294,34.03855077904702
LTOYKIML,KEUWZRKO,0.3246924095849277,3,334008.511627907,156962.93340583995,562964.0697674418,574669.8308499713,0.974077228754783,1.685478214378294,3.661181773154406
OKMBFVKS,UIFPPCLR,0.42479487785445347,2,2362445.5581395347,368425.6810733831,225302.93023255814,151018.5378721488,0.8495897557089069,0.09536851736380017,0.4099023103703213
SAHWCZNH,NZKBIBNU,-0.5062465330397302,4,2155944.5581395347,1218372.3496791958,249490.93023255814,108771.9963363509,2.024986132158921,0.11572233121232943,0.08927648133585919
KJNSOAHR,FCYBOAXC,0.40475363935873643,2,6980013.720930233,4684817.383908574,108651086.46511628,8016054.328206619,0.8095072787174729,15.566027633914262,1.711070821188992
WBLJNPZQ,OXKURKXR,0.40411957281216654,6,335144.6046511628,199495.26606263575,130175.88372093023,73528.8206833178,2.4247174368729993,0.38841706509354706,0.36857426310989905
STZDBITS,ZXERAXWP,-0.37835287926007033,6,24595488.48837209,10320964.82063318,11297.418604651162,7662.4752853884465,2.270117275560422,0.00045932889724844205,0.0007424185062688373
SAAYMURU,STZDBITS,0.4229588785492563,1,25864.20930232558,22117.32341091863,24595488.48837209,10320964.82063318,0.4229588785492563,950.9468547801166,466.6461953109297
ZKENOUDA,OJIFIHMZ,0.3269558136720484,4,163893.83720930232,161773.9095654481,3176654.465116279,1742396.7498042292,1.3078232546881936,19.38239118192173,10.770567111061537
BJALXPFS,OGAFEHLU,0.49056758222908725,5,164484.27906976745,91116.96303929096,1785496.6279069767,3359489.1308363928,2.452837911145436,10.855120246104416,36.870073570723186
QSDCUCLB,QRKRBYJL,0.5618362357955516,6,64.95348837209302,197.1710334742901,5150163.976744186,4325851.483678751,3.37101741477331,79290.02778035404,21939.589124805323
DUCMGGNW,UXSPKBJR,0.4079962249515777,3,1329999.7209302327,580113.1993253188,713685.7674418605,510105.31330486346,1.2239886748547333,0.5366059527758062,0.8793203014467608
XUOIQPFL,UGEQLMXM,0.662129775844266,2,4558579.162790698,1825750.6538506409,156311.44186046513,113236.30523025779,1.324259551688532,0.03428950913835599,0.0620217799135781
DEWLVASR,VBYCLTYZ,-0.30613566737684705,6,220110.41860465117,175703.7543836854,484941.06976744183,287648.9458131452,1.8368140042610823,2.203171811854395,1.6371246409645137
MBSBZBXA,DUCMGGNW,-0.3448446024327176,5,3803410.093023256,2072509.4697062958,1329999.7209302327,580113.1993253188,1.724223012163588,0.34968612071823485,0.2799085880207096
ATLDMDBO,OKMBFVKS,0.42234559070780475,4,59997368.674418606,32347299.68026454,2362445.5581395347,368425.6810733831,1.689382362831219,0.039375819479009644,0.011389688929680657
VBYCLTYZ,ZCELVYQU,0.3018107650997275,1,484941.06976744183,287648.9458131452,198605.41860465117,293447.5028855728,0.3018107650997275,0.4095454705444618,1.0201584506246517
GIKPEWTY,DUCMGGNW,-0.4416445496787804,6,2196.767441860465,8300.74432593375,1329999.7209302327,580113.1993253188,2.6498672980726825,605.4349199560274,69.8868892326924
ATLDMDBO,SNHYOVBM,-0.32104021801913546,6,59997368.674418606,32347299.68026454,561061.023255814,576273.7883040103,1.9262413081148129,0.009351427165088778,0.017815205411275296
ATLDMDBO,FQCLOEXA,-0.41033868305087173,6,59997368.674418606,32347299.68026454,1543955.1395348837,388064.11943692074,2.4620320983052304,0.02573371422192324,0.01199680107065231
DNMPSKTB,VMAQSTJE,0.3966031719625932,4,6718478.9069767445,2173533.0110572237,136660.41860465117,87565.03180566484,1.5864126878503728,0.020340976059732365,0.04028695739156602
UXSPKBJR,WPQXWHYO,0.32371715457077627,3,713685.7674418605,510105.31330486346,9520863.139534883,2338027.3055150933,0.9711514637123289,13.340413349769017,4.583420804545105
TGOELCAG,KEUWZRKO,0.49977695251601706,1,203362.6976744186,309900.61848685704,562964.0697674418,574669.8308499713,0.49977695251601706,2.76827597294157,1.8543681314804759
RJGPVEXX,DUCMGGNW,0.3094778148250384,4,516165.72093023255,193020.79378830225,1329999.7209302327,580113.1993253188,1.2379112593001536,2.5766912969941784,3.0054440660862634
LPHPPJUG,OGAFEHLU,-0.41760201430615795,6,1147320.7674418604,186983.30866159935,1785496.6279069767,3359489.1308363928,2.5056120858369475,1.5562314206919463,17.966786206026537
HXYSSRXE,VMAQSTJE,0.3398810703209916,2,6607692.0,1492172.1847179234,136660.41860465117,87565.03180566484,0.6797621406419831,0.02068202007669705,0.058682927280379
VWMBASNE,FCYBOAXC,-0.4614434836070637,6,457042.3023255814,638471.8526951509,108651086.46511628,8016054.328206619,2.768660901642382,237.72654284302817,12.555062990414182
SDWAYPIK,WBLJNPZQ,0.4387530097757747,6,10189508.627906976,6060078.075849837,335144.6046511628,199495.26606263575,2.6325180586546484,0.03289114489124996,0.03291958677192893
ELQGMQWE,RUVXNNVA,0.5131005262426014,5,386914.3023255814,184187.38995451733,6.465116279069767,31.06134128882553,2.5655026312130067,1.670942697179692e-05,0.00016863989058277595
LSOIUSXD,EVBVXETX,-0.35846241991234845,4,127645.02325581395,83896.6526178955,4595340.441860465,777360.3161292231,1.4338496796493938,36.00093700962334,9.265689295858072
GYHKIVQT,AANGBULD,-0.5409911023598754,2,33878135.13953488,13339531.559942342,84017.69767441861,143585.74825850618,1.0819822047197507,0.002479997713226243,0.01076392732482999
FITUEHWN,OKMBFVKS,-0.32632401443352704,5,61688.11627906977,38368.825764171655,2362445.5581395347,368425.6810733831,1.6316200721676353,38.29660720087176,9.60221413415816
FCYBOAXC,IGDVVKUD,0.3355614705013186,4,108651086.46511628,8016054.328206619,14109.418604651162,32400.974022993865,1.3422458820052745,0.0001298598943065427,0.004042010282911679
SDWAYPIK,DEWLVASR,-0.525873317514825,1,10189508.627906976,6060078.075849837,220110.41860465117,175703.7543836854,0.525873317514825,0.02160167154692742,0.028993645326758685
OXKURKXR,VMAQSTJE,0.3860182957242994,6,130175.88372093023,73528.8206833178,136660.41860465117,87565.03180566484,2.3161097743457963,1.0498136421072632,1.190894005788681
FQCLOEXA,ZXERAXWP,0.48477365186658766,6,1543955.1395348837,388064.11943692074,11297.418604651162,7662.4752853884465,2.908641911199526,0.007317193560460048,0.019745384593883395
OXKURKXR,DJBLNPNC,0.45308151931743657,5,130175.88372093023,73528.8206833178,1983.5581395348838,5051.180811994062,2.265407596587183,0.015237523900909163,0.06869661127410652
FTSVTTSR,YSYHGLQK,0.35690244005712785,2,178820.76744186046,236085.0065819156,2228.7906976744184,2578.005796429693,0.7138048801142557,0.012463824697467511,0.010919820084060566
BTMOEMEP,ANWUJOKX,0.48482454081174864,2,16395223.837209303,10213763.14944862,8146.720930232558,20346.24423410247,0.9696490816234973,0.00049689598697292,0.0019920419081970635
NZKBIBNU,WHPUAOID,0.3416372888694265,3,249490.93023255814,108771.9963363509,53371.651162790695,55306.92296078259,1.0249118666082795,0.21392220996902542,0.5084665614599087
APQGTRMF,JPBRUTWP,0.47496101732477214,1,257208.13953488372,209590.88830924782,6196286.279069767,1328244.373028431,0.47496101732477214,24.090552850506928,6.337319259138267
IGDVVKUD,BEZYMBBT,0.35507871612439906,2,14109.418604651162,32400.974022993865,4939372.674418605,988692.1366975273,0.7101574322487981,350.0762726282901,30.514272069888143
PYZMVUWD,LSOIUSXD,0.46878501917117926,4,12327.976744186046,17444.10107462648,127645.02325581395,83896.6526178955,1.875140076684717,10.354093448923651,4.809456919228637
DNMPSKTB,OKMBFVKS,0.693694848664831,4,6718478.9069767445,2173533.0110572237,2362445.5581395347,368425.6810733831,2.774779394659324,0.3516339919867758,0.16950544537347903
XIPPENFQ,RCBZUSIM,-0.3091011798066288,4,149003.3023255814,84821.17061275388,12569.32558139535,10302.087545782819,1.2364047192265153,0.08435602020313779,0.12145655938533252
BTMOEMEP,LUENUFGA,-0.3293539139177141,1,16395223.837209303,10213763.14944862,6410190.837209302,4770467.673868264,0.3293539139177141,0.39097915959285956,0.4670626882634659
AHMDUILJ,ROACSLMG,0.3459420870656131,4,126828.81395348837,45511.535634159176,2137643.302325581,394841.09931520995,1.3837683482624523,16.854555646106252,8.675626823063778
AXULOHBQ,OGAFEHLU,0.6157743031081053,6,96264.09302325582,68687.62776235072,1785496.6279069767,3359489.1308363928,3.694645818648632,18.547898513489162,48.90966889132976
FTSVTTSR,GKQIJYDH,0.44551367975721934,5,178820.76744186046,236085.0065819156,14118353.488372093,12827842.650181666,2.227568398786097,78.95253828883943,54.3356938920066
HXYSSRXE,RAWUKQMJ,0.42674219226212157,2,6607692.0,1492172.1847179234,4207967.627906977,886405.4158732577,0.8534843845242431,0.6368286578591043,0.594036951600346
QVLMOEYE,QRKRBYJL,0.7504415930110767,1,1939898.511627907,1283837.9967118828,5150163.976744186,4325851.483678751,0.7504415930110767,2.654862584754324,3.36946834005115
ELQGMQWE,SUOYXCHP,-0.3315961378697748,3,386914.3023255814,184187.38995451733,37054.53488372093,94112.20995874314,0.9947884136093245,0.09576935941862506,0.5109590291793155
MBSBZBXA,DDEXPPXU,0.32120123960379504,4,3803410.093023256,2072509.4697062958,19081.558139534885,14254.519745570258,1.2848049584151802,0.005016960483575494,0.0068779033118644564
ZKENOUDA,LPHPPJUG,0.3426009910787786,2,163893.83720930232,161773.9095654481,1147320.7674418604,186983.30866159935,0.6852019821575572,7.000389929059152,1.1558310555930318
APQGTRMF,DEWLVASR,-0.39200922477901806,1,257208.13953488372,209590.88830924782,220110.41860465117,175703.7543836854,0.39200922477901806,0.8557677023823075,0.8383177140964216
SAHWCZNH,PYZMVUWD,0.31082094521791437,2,2155944.5581395347,1218372.3496791958,12327.976744186046,17444.10107462648,0.6216418904358287,0.005718132545494916,0.014317545107786869
JPBRUTWP,FCYBOAXC,-0.3384595798048742,5,6196286.279069767,1328244.373028431,108651086.46511628,8016054.328206619,1.6922978990243709,17.534871949365492,6.035074938750748
XUOIQPFL,QVLMOEYE,0.8426103282163742,5,4558579.162790698,1825750.6538506409,1939898.511627907,1283837.9967118828,4.21305164108187,0.425548935831116,0.7031836433981123
QSDCUCLB,QVLMOEYE,0.5587905564133026,5,64.95348837209302,197.1710334742901,1939898.511627907,1283837.9967118828,2.793952782066513,29865.96302032352,6511.291073432429
DNMPSKTB,JERHKLYW,-0.311613234769537,1,6718478.9069767445,2173533.0110572237,7777.790697674419,7073.338413014731,0.311613234769537,0.0011576713725478074,0.0032543045709579306
SNHYOVBM,UXSPKBJR,0.3377087606694722,4,561061.023255814,576273.7883040103,713685.7674418605,510105.31330486346,1.3508350426778888,1.2720287773673875,0.8851787529764842
XIPPENFQ,UGEQLMXM,-0.377968721118139,3,149003.3023255814,84821.17061275388,156311.44186046513,113236.30523025779,1.133906163354417,1.049046829296883,1.3350005005931427
OXKURKXR,AANGBULD,-0.33576257104627666,6,130175.88372093023,73528.8206833178,84017.69767441861,143585.74825850618,2.01457542627766,0.6454167643976937,1.9527818741302092
WBLJNPZQ,DNMPSKTB,0.38022721208410365,6,335144.6046511628,199495.26606263575,6718478.9069767445,2173533.0110572237,2.281363272504622,20.046507727461897,10.895160842382605
APQGTRMF,DJBLNPNC,0.4030024906887434,1,257208.13953488372,209590.88830924782,1983.5581395348838,5051.180811994062,0.4030024906887434,0.007711879348430001,0.024100192774206053
UGEQLMXM,SDWAYPIK,0.7272295563562845,3,156311.44186046513,113236.30523025779,10189508.627906976,6060078.075849837,2.1816886690688535,65.18722178340393,53.517094746897584
HCDTGMST,RCBZUSIM,-0.42314672120174973,6,72436.02325581395,102594.09928643463,12569.32558139535,10302.087545782819,2.5388803272104985,0.17352313139599324,0.10041598510378055
YSYHGLQK,SDWAYPIK,-0.3006500725292666,1,2228.7906976744184,2578.005796429693,10189508.627906976,6060078.075849837,0.3006500725292666,4571.765591972016,2350.6844251055672
VUAFAIYJ,KAGJCHMR,0.3027070478991997,5,388225.16279069765,275072.6955299931,22543.418604651164,34677.543918173666,1.5135352394959987,0.05806789658491777,0.12606683426442253
DBWLZWNK,ROACSLMG,0.33763093258169713,1,496985.25581395347,283852.3825472058,2137643.302325581,394841.09931520995,0.33763093258169713,4.301220765232333,1.391008579074214
QJQJSWFU,LTOYKIML,-0.3729427143081265,6,172761.72093023255,83125.52033012893,334008.511627907,156962.93340583995,2.2376562858487588,1.933347907322933,1.888264070776112
DBWLZWNK,NAQIHUKZ,0.3725633081798139,6,496985.25581395347,283852.3825472058,4709.488372093023,12506.38968291919,2.2353798490788837,0.009476112856447687,0.04405948461889436
ZCELVYQU,XIIEJNEE,0.3026719286507605,6,198605.41860465117,293447.5028855728,89920.72093023256,481634.9738816889,1.816031571904563,0.4527606626321621,1.64129859393575
DBWLZWNK,RCBZUSIM,0.5476013130045405,3,496985.25581395347,283852.3825472058,12569.32558139535,10302.087545782819,1.6428039390136215,0.025291143820321677,0.03629382094065477
ANWUJOKX,SDWAYPIK,0.4206515526888474,1,8146.720930232558,20346.24423410247,10189508.627906976,6060078.075849837,0.4206515526888474,1250.7496836970154,297.84750472004333
KJNSOAHR,SUOYXCHP,0.3015043282040283,3,6980013.720930233,4684817.383908574,37054.53488372093,94112.20995874314,0.9045129846120848,0.0053086621839444365,0.02008876808773379
XUOIQPFL,OXKURKXR,0.591405991753809,2,4558579.162790698,1825750.6538506409,130175.88372093023,73528.8206833178,1.182811983507618,0.028556240677678573,0.04027319969909357
JSLXRQOK,APQGTRMF,0.32306789293752114,2,15152.06976744186,30474.253649708313,257208.13953488372,209590.88830924782,0.6461357858750423,16.975115839988195,6.877638110896813
ELQGMQWE,OXKURKXR,-0.3901685768224783,4,386914.3023255814,184187.38995451733,130175.88372093023,73528.8206833178,1.5606743072899132,0.33644629557026073,0.3992065944420819
XIIEJNEE,SNHYOVBM,0.5907432428129661,3,89920.72093023256,481634.9738816889,561061.023255814,576273.7883040103,1.7722297284388984,6.239507617881411,1.1964948966608318
FCYBOAXC,BTMOEMEP,0.33497228728144435,3,108651086.46511628,8016054.328206619,16395223.837209303,10213763.14944862,1.004916861844333,0.1508979281350586,1.274163413976313
LRVGFDFM,EVBVXETX,0.37068318359004776,2,18698103.372093022,18697580.01695645,4595340.441860465,777360.3161292231,0.7413663671800955,0.2457650570441695,0.04157545069598363
OXKURKXR,FDXPMYGF,0.3519581664439253,6,130175.88372093023,73528.8206833178,5110.325581395349,11074.699991150854,2.111748998663552,0.0392570838413631,0.15061713064456728
IGDVVKUD,DBWLZWNK,0.34149529983547416,1,14109.418604651162,32400.974022993865,496985.25581395347,283852.3825472058,0.34149529983547416,35.22365234914066,8.76061263889798
FCYBOAXC,VUAFAIYJ,0.489094056191752,3,108651086.46511628,8016054.328206619,388225.16279069765,275072.6955299931,1.467282168575256,0.003573136499793202,0.03431522345875855
LUENUFGA,RCBZUSIM,-0.33053275281244454,6,6410190.837209302,4770467.673868264,12569.32558139535,10302.087545782819,1.9831965168746672,0.0019608348488522514,0.0021595550478653446
SDWAYPIK,IGDVVKUD,0.4738248720105976,1,10189508.627906976,6060078.075849837,14109.418604651162,32400.974022993865,0.4738248720105976,0.001384700589585544,0.005346626498445692
LPHPPJUG,AXULOHBQ,-0.46767968618071043,3,1147320.7674418604,186983.30866159935,96264.09302325582,68687.62776235072,1.4030390585421313,0.08390338234512086,0.36734630622187564
PYZMVUWD,WBLJNPZQ,0.3207507144956837,6,12327.976744186046,17444.10107462648,335144.6046511628,199495.26606263575,1.9245042869741023,27.18569409875254,11.436259466610043
DNMPSKTB,KJNSOAHR,-0.41303289007347077,4,6718478.9069767445,2173533.0110572237,6980013.720930233,4684817.383908574,1.652131560293883,1.0389276825266,2.155392791401722
APQGTRMF,RAWUKQMJ,0.49254942799728635,4,257208.13953488372,209590.88830924782,4207967.627906977,886405.4158732577,1.9701977119891454,16.360165100140282,4.2292173243769655
YSYHGLQK,AANGBULD,0.4573937848006459,5,2228.7906976744184,2578.005796429693,84017.69767441861,143585.74825850618,2.2869689240032294,37.696539977660734,55.69644118010252
RJCAXSGH,BEZYMBBT,-0.42243091538854116,4,716460.5813953489,1637170.1541742936,4939372.674418605,988692.1366975273,1.6897236615541646,6.894130399738104,0.6039031032761344
LLHREMKS,LSOIUSXD,0.5244613961834617,6,54678.93023255814,69750.10861853519,127645.02325581395,83896.6526178955,3.14676837710077,2.3344462430150887,1.2028175192604393
DEWLVASR,DUCMGGNW,-0.356495766568605,5,220110.41860465117,175703.7543836854,1329999.7209302327,580113.1993253188,1.782478832843025,6.042420569437261,3.301655114638133
BTMOEMEP,GMBFCMIU,0.5781794742144865,4,16395223.837209303,10213763.14944862,26.27906976744186,170.30783695816,2.312717896857946,1.6028490997359463e-06,1.667434759022557e-05
HCDTGMST,RAWUKQMJ,-0.32680621721745373,6,72436.02325581395,102594.09928643463,4207967.627906977,886405.4158732577,1.9608373033047224,58.09219555010759,8.639925902461933
XUOIQPFL,QSDCUCLB,0.5252269511321126,1,4558579.162790698,1825750.6538506409,64.95348837209302,197.1710334742901,0.5252269511321126,1.4248625734584185e-05,0.00010799450245756948
QVLMOEYE,ZGJXVMNI,-0.5067689325839894,5,1939898.511627907,1283837.9967118828,2256273.1395348837,843815.2684755664,2.5338446629199467,1.1630882368378752,0.6572599273709431
GMBFCMIU,FDXPMYGF,0.8245531727636353,6,26.27906976744186,170.30783695816,5110.325581395349,11074.699991150854,4.947319036581812,194.46370941421284,65.02754144452004
BEZYMBBT,SDWAYPIK,0.4164391527700772,3,4939372.674418605,988692.1366975273,10189508.627906976,6060078.075849837,1.2493174583102316,2.062915535949974,6.1293883615640405
KAGJCHMR,UGEQLMXM,-0.34555856292135884,5,22543.418604651164,34677.543918173666,156311.44186046513,113236.30523025779,1.7277928146067942,6.933794940101992,3.2654073049172307
FDXPMYGF,WQMVCOEM,0.4590349707331541,1,5110.325581395349,11074.699991150854,146883.09302325582,122762.57339153606,0.4590349707331541,28.742413894186306,11.084957017214327
VMAQSTJE,KJNSOAHR,-0.3470778193329364,6,136660.41860465117,87565.03180566484,6980013.720930233,4684817.383908574,2.0824669159976184,51.07560617878566,53.50100704870638
GYHKIVQT,OGAFEHLU,0.4093205116686502,6,33878135.13953488,13339531.559942342,1785496.6279069767,3359489.1308363928,2.455923070011901,0.05270350981696442,0.25184461056522
SDWAYPIK,GYHKIVQT,0.7274497452345957,2,10189508.627906976,6060078.075849837,33878135.13953488,13339531.559942342,1.4548994904691914,3.324805579608254,2.2012144716583486
XIPPENFQ,UGEQLMXM,-0.377968721118139,3,149003.3023255814,84821.17061275388,156311.44186046513,113236.30523025779,1.133906163354417,1.049046829296883,1.3350005005931427
XIIEJNEE,BTMOEMEP,0.743111543898685,5,89920.72093023256,481634.9738816889,16395223.837209303,10213763.14944862,3.715557719493425,182.32976412352892,21.206439945817497
JPBRUTWP,BSRMSVTC,0.3751229253749026,3,6196286.279069767,1328244.373028431,521682.3953488372,573916.8856602091,1.1253687761247078,0.08419275221529497,0.432086818746487
UQYUIVVR,SUOYXCHP,0.3792715066603293,2,3521687.465116279,3086917.8975832113,37054.53488372093,94112.20995874314,0.7585430133206587,0.010521812412586403,0.030487435390618697
MIRCVAMV,APQGTRMF,0.3112918289006254,6,54184.04651162791,102581.39777733253,257208.13953488372,209590.88830924782,1.8677509734037523,4.746934865319441,2.043166625221382
RJCAXSGH,DUCMGGNW,-0.34217028352685275,4,716460.5813953489,1637170.1541742936,1329999.7209302327,580113.1993253188,1.368681134107411,1.8563473769040078,0.35433897805054015
OKMBFVKS,APQGTRMF,0.4482992878609436,6,2362445.5581395347,368425.6810733831,257208.13953488372,209590.88830924782,2.6897957271656616,0.10887367907742626,0.5688824071602452
DUCMGGNW,QKXNTIIB,0.305814725314765,6,1329999.7209302327,580113.1993253188,1930363.0232558139,1047727.7871818389,1.8348883518885901,1.4514010739071597,1.8060747254131737
LPHPPJUG,VMAQSTJE,-0.42387012893398757,5,1147320.7674418604,186983.30866159935,136660.41860465117,87565.03180566484,2.1193506446699377,0.11911265138975811,0.4683040022768605
ATLDMDBO,XIIEJNEE,0.3839295791816207,2,59997368.674418606,32347299.68026454,89920.72093023256,481634.9738816889,0.7678591583632414,0.0014987444102456287,0.014889495526438798
XUOIQPFL,PYZMVUWD,0.3628922620036491,3,4558579.162790698,1825750.6538506409,12327.976744186046,17444.10107462648,1.0886767860109474,0.0027043463114143503,0.009554481625311785
AANGBULD,DEWLVASR,0.6402209326501291,6,84017.69767441861,143585.74825850618,220110.41860465117,175703.7543836854,3.841325595900775,2.6198101673172816,1.2236851951778076
LRVGFDFM,HXYSSRXE,0.33076925240248645,6,18698103.372093022,18697580.01695645,6607692.0,1492172.1847179234,1.9846155144149187,0.35338835541264835,0.07980563171087508
RCBZUSIM,RJGPVEXX,-0.3707442977455058,6,12569.32558139535,10302.087545782819,516165.72093023255,193020.79378830225,2.224465786473035,41.06550646227006,18.73608556632579
STZDBITS,XMKRPGLB,-0.3769473321904306,5,24595488.48837209,10320964.82063318,1125717.2325581396,668126.9581434646,1.884736660952153,0.04576925695500192,0.06473493222336271
YSYHGLQK,VUAFAIYJ,0.30010413957942106,5,2228.7906976744184,2578.005796429693,388225.16279069765,275072.6955299931,1.5005206978971053,174.18646040724957,106.69979710838678
RJGPVEXX,WPQXWHYO,0.4373479397063955,2,516165.72093023255,193020.79378830225,9520863.139534883,2338027.3055150933,0.874695879412791,18.445361157184095,12.112826082702977
FDXPMYGF,OGAFEHLU,0.7203692790697791,5,5110.325581395349,11074.699991150854,1785496.6279069767,3359489.1308363928,3.6018463953488955,349.38999465276055,303.3480936925981
RUVXNNVA,OKMBFVKS,-0.30890750979013637,3,6.465116279069767,31.06134128882553,2362445.5581395347,368425.6810733831,0.9267225293704091,365414.18448629515,11861.22858592386
UGEQLMXM,LPHPPJUG,-0.43924729626284637,5,156311.44186046513,113236.30523025779,1147320.7674418604,186983.30866159935,2.196236481314232,7.3399666318650025,1.6512664227230935
ZGJXVMNI,VMAQSTJE,-0.335626940920516,3,2256273.1395348837,843815.2684755664,136660.41860465117,87565.03180566484,1.006880822761548,0.060569093435541364,0.10377275107116245
JPBRUTWP,BTMOEMEP,0.482567106557437,5,6196286.279069767,1328244.373028431,16395223.837209303,10213763.14944862,2.412835532787185,2.6459758472728327,7.6896716875625
OGAFEHLU,ZGJXVMNI,-0.43204599293870055,2,1785496.6279069767,3359489.1308363928,2256273.1395348837,843815.2684755664,0.8640919858774011,1.2636669844504296,0.2511736861209119
QJQJSWFU,AANGBULD,-0.3934374587357812,5,172761.72093023255,83125.52033012893,84017.69767441861,143585.74825850618,1.9671872936789059,0.48632125925546715,1.7273365349959326
OXKURKXR,DEWLVASR,-0.43616156783949767,5,130175.88372093023,73528.8206833178,220110.41860465117,175703.7543836854,2.180807839197488,1.6908694015462253,2.3895902688013524
DDEXPPXU,FTSVTTSR,0.3910361747617113,6,19081.558139534885,14254.519745570258,178820.76744186046,236085.0065819156,2.346217048570268,9.371392321573161,16.56211579058771
FRHNWLNI,XUOIQPFL,0.3390847837505907,5,1301803.9069767443,458421.81215312914,4558579.162790698,1825750.6538506409,1.6954239187529536,3.501740268527733,3.982687135394842
BLANHGYY,FQCLOEXA,-0.49663799337787395,5,12588.116279069767,24521.891661552087,1543955.1395348837,388064.11943692074,2.4831899668893698,122.65180152326386,15.825211397925791
OJIFIHMZ,FITUEHWN,0.47974892991070406,2,3176654.465116279,1742396.7498042292,61688.11627906977,38368.825764171655,0.9594978598214081,0.0194192087796972,0.02202071702008205
ROACSLMG,QRKRBYJL,0.4073481223881928,3,2137643.302325581,394841.09931520995,5150163.976744186,4325851.483678751,1.2220443671645784,2.40927191694649,10.955930097374125
MBSBZBXA,AANGBULD,0.33475886110671405,2,3803410.093023256,2072509.4697062958,84017.69767441861,143585.74825850618,0.6695177222134281,0.022090096944453474,0.06928110600082568
BSRMSVTC,FITUEHWN,0.5133076922226995,2,521682.3953488372,573916.8856602091,61688.11627906977,38368.825764171655,1.026615384445399,0.11824841479977885,0.06685432459434779
ROACSLMG,WQMVCOEM,0.36485104605495755,3,2137643.302325581,394841.09931520995,146883.09302325582,122762.57339153606,1.0945531381648728,0.06871262986831822,0.31091640055743336
FRHNWLNI,JERHKLYW,-0.30990537604032764,3,1301803.9069767443,458421.81215312914,7777.790697674419,7073.338413014731,0.9297161281209829,0.005974625407087051,0.015429759722333096
FQCLOEXA,VMAQSTJE,-0.3516408982653343,6,1543955.1395348837,388064.11943692074,136660.41860465117,87565.03180566484,2.1098453895920057,0.0885132055363549,0.2256457822807624
EVBVXETX,FQCLOEXA,0.40604260865495595,2,4595340.441860465,777360.3161292231,1543955.1395348837,388064.11943692074,0.8120852173099119,0.3359827545028336,0.49920752498499343
VMAQSTJE,BTMOEMEP,0.30064497579303767,3,136660.41860465117,87565.03180566484,16395223.837209303,10213763.14944862,0.9019349273791131,119.9705372227751,116.6420309422102
DNMPSKTB,EVBVXETX,-0.5371214020567987,6,6718478.9069767445,2173533.0110572237,4595340.441860465,777360.3161292231,3.222728412340792,0.6839852450958491,0.3576482676703177
DJBLNPNC,HXYSSRXE,0.3288345761292686,4,1983.5581395348838,5051.180811994062,6607692.0,1492172.1847179234,1.3153383045170743,3331.2318227375868,295.4105663529882
QJQJSWFU,LLHREMKS,0.30742391022451393,1,172761.72093023255,83125.52033012893,54678.93023255814,69750.10861853519,0.30742391022451393,0.31649910603936954,0.8390937986395389
RJGPVEXX,OKMBFVKS,-0.3212016360046527,1,516165.72093023255,193020.79378830225,2362445.5581395347,368425.6810733831,0.3212016360046527,4.576912922224599,1.9087357058304784
XIFHSOWQ,WPQXWHYO,-0.5820077223753255,1,191544.41860465117,303753.524685932,9520863.139534883,2338027.3055150933,0.5820077223753255,49.705771689105156,7.697119919595387
NZKBIBNU,FRHNWLNI,0.4845453943622435,4,249490.93023255814,108771.9963363509,1301803.9069767443,458421.81215312914,1.938181577448974,5.21784060750455,4.214520534599337
KEUWZRKO,QJQJSWFU,0.3584850425711734,1,562964.0697674418,574669.8308499713,172761.72093023255,83125.52033012893,0.3584850425711734,0.3068787693702954,0.14464918091669546
LTOYKIML,FTSVTTSR,0.5232739613236582,4,334008.511627907,156962.93340583995,178820.76744186046,236085.0065819156,2.093095845294633,0.5353778757606495,1.5040812595544149
KAGJCHMR,ZXERAXWP,0.3729071978093691,3,22543.418604651164,34677.543918173666,11297.418604651162,7662.4752853884465,1.1187215934281074,0.501140434921398,0.22096360985795663
GYHKIVQT,KEUWZRKO,0.42721649464097816,6,33878135.13953488,13339531.559942342,562964.0697674418,574669.8308499713,2.563298967845869,0.016617327590457042,0.04308021074560223
GYHKIVQT,XIIEJNEE,-0.34506277824557496,3,33878135.13953488,13339531.559942342,89920.72093023256,481634.9738816889,1.0351883347367248,0.002654240576108182,0.03610583862839443
FQCLOEXA,TGOELCAG,-0.3409019491305767,1,1543955.1395348837,388064.11943692074,203362.6976744186,309900.61848685704,0.3409019491305767,0.1317154187106433,0.7985809637224973
UXSPKBJR,DJBLNPNC,0.3427222635694391,3,713685.7674418605,510105.31330486346,1983.5581395348838,5051.180811994062,1.0281667907083172,0.0027793158137957297,0.009902231324074312
ANWUJOKX,OGAFEHLU,0.4786472760654643,6,8146.720930232558,20346.24423410247,1785496.6279069767,3359489.1308363928,2.871883656392786,219.16752064770188,165.1159345192768
DJBLNPNC,BSRMSVTC,0.7644063154306736,5,1983.5581395348838,5051.180811994062,521682.3953488372,573916.8856602091,3.822031577153368,263.0033295662112,113.62034084858323
DEWLVASR,VBYCLTYZ,-0.30613566737684705,6,220110.41860465117,175703.7543836854,484941.06976744183,287648.9458131452,1.8368140042610823,2.203171811854395,1.6371246409645137
KAGJCHMR,FWUCPMMW,0.5417536092004154,4,22543.418604651164,34677.543918173666,2272.6279069767443,6452.598268890318,2.1670144368016615,0.10081114788894724,0.18607425842874045
QRKRBYJL,RJGPVEXX,-0.4416978853704764,1,5150163.976744186,4325851.483678751,516165.72093023255,193020.79378830225,0.4416978853704764,0.10022316245869131,0.04462030065445304
ELQGMQWE,DEWLVASR,0.45543150390947557,4,386914.3023255814,184187.38995451733,220110.41860465117,175703.7543836854,1.8217260156379023,0.5688867464477013,0.9539401933331005
SAAYMURU,SUOYXCHP,0.39992768474828055,1,25864.20930232558,22117.32341091863,37054.53488372093,94112.20995874314,0.39992768474828055,1.4326567825507242,4.255135587881658
BSRMSVTC,LUENUFGA,0.5202629962970928,4,521682.3953488372,573916.8856602091,6410190.837209302,4770467.673868264,2.0810519851883713,12.287535278836973,8.312122875374563
LUENUFGA,NZKBIBNU,-0.3363212096300464,1,6410190.837209302,4770467.673868264,249490.93023255814,108771.9963363509,0.3363212096300464,0.03892098325439807,0.022801117997751225
ZKENOUDA,WPQXWHYO,0.3786647353137132,3,163893.83720930232,161773.9095654481,9520863.139534883,2338027.3055150933,1.1359942059411396,58.09164823762149,14.452437428142616
QSDCUCLB,ANWUJOKX,0.526940575024752,2,64.95348837209302,197.1710334742901,8146.720930232558,20346.24423410247,1.053881150049504,125.4239150042147,103.19083778380994
WBLJNPZQ,XIFHSOWQ,0.42566307249600005,6,335144.6046511628,199495.26606263575,191544.41860465117,303753.524685932,2.5539784349760004,0.5715276807259057,1.5226101885998613
WBLJNPZQ,ELQGMQWE,-0.3106270855586408,1,335144.6046511628,199495.26606263575,386914.3023255814,184187.38995451733,0.3106270855586408,1.1544697332279863,0.9232669706346042
XUOIQPFL,DEWLVASR,-0.4413722493693314,1,4558579.162790698,1825750.6538506409,220110.41860465117,175703.7543836854,0.4413722493693314,0.048284873585447266,0.09623644609575638
IGDVVKUD,SAAYMURU,0.33735792484125077,5,14109.418604651162,32400.974022993865,25864.20930232558,22117.32341091863,1.686789624206254,1.8331165886570506,0.6826129175789626
LRVGFDFM,QVLMOEYE,0.7769560401204365,4,18698103.372093022,18697580.01695645,1939898.511627907,1283837.9967118828,3.107824160481746,0.10374841089621464,0.06866332410651689
LUENUFGA,NZKBIBNU,-0.3363212096300464,1,6410190.837209302,4770467.673868264,249490.93023255814,108771.9963363509,0.3363212096300464,0.03892098325439807,0.022801117997751225
QJQJSWFU,AANGBULD,-0.3934374587357812,5,172761.72093023255,83125.52033012893,84017.69767441861,143585.74825850618,1.9671872936789059,0.48632125925546715,1.7273365349959326
LPHPPJUG,IGDVVKUD,0.3237539752520188,4,1147320.7674418604,186983.30866159935,14109.418604651162,32400.974022993865,1.2950159010080753,0.01229771046165069,0.1732827077172945
ATLDMDBO,YSYHGLQK,-0.3163475172070884,2,59997368.674418606,32347299.68026454,2228.7906976744184,2578.005796429693,0.6326950344141768,3.714814077545842e-05,7.969771269663305e-05
SDWAYPIK,OGAFEHLU,0.5800543962835445,1,10189508.627906976,6060078.075849837,1785496.6279069767,3359489.1308363928,0.5800543962835445,0.17522892350438687,0.5543640013853649
LTOYKIML,SUOYXCHP,0.3204986413658561,1,334008.511627907,156962.93340583995,37054.53488372093,94112.20995874314,0.3204986413658561,0.11093889405096831,0.5995823849367613
ELQGMQWE,BEZYMBBT,-0.3986814807639936,1,386914.3023255814,184187.38995451733,4939372.674418605,988692.1366975273,0.3986814807639936,12.766063814951575,5.3678600741142155
KJNSOAHR,XIPPENFQ,-0.3506243256381162,2,6980013.720930233,4684817.383908574,149003.3023255814,84821.17061275388,0.7012486512762324,0.02134713602048654,0.018105544712175934
FQCLOEXA,ZCELVYQU,0.4159045336007552,3,1543955.1395348837,388064.11943692074,198605.41860465117,293447.5028855728,1.2477136008022656,0.12863418989255893,0.7561830331302146
JPBRUTWP,APQGTRMF,0.5680204189117153,2,6196286.279069767,1328244.373028431,257208.13953488372,209590.88830924782,1.1360408378234306,0.04151004778518016,0.15779542723092246
YSYHGLQK,HCDTGMST,0.40585645234476103,2,2228.7906976744184,2578.005796429693,72436.02325581395,102594.09928643463,0.8117129046895221,32.500146065261106,39.79591488456789
BEZYMBBT,OKMBFVKS,0.47048087605638733,6,4939372.674418605,988692.1366975273,2362445.5581395347,368425.6810733831,2.822885256338324,0.4782885831584131,0.37263943688643264
TGOELCAG,WPQXWHYO,-0.32779117018876236,2,203362.6976744186,309900.61848685704,9520863.139534883,2338027.3055150933,0.6555823403775247,46.817155989594816,7.544442205128109
ELQGMQWE,LLHREMKS,0.5918531102997894,6,386914.3023255814,184187.38995451733,54678.93023255814,69750.10861853519,3.5511186617987365,0.1413205195666442,0.3786910093865838
ZGJXVMNI,XUOIQPFL,-0.5317833704832133,3,2256273.1395348837,843815.2684755664,4558579.162790698,1825750.6538506409,1.59535011144964,2.020402176896189,2.1636852544122265
QKXNTIIB,UQYUIVVR,0.38877716355421754,2,1930363.0232558139,1047727.7871818389,3521687.465116279,3086917.8975832113,0.7775543271084351,1.8243653772307868,2.9462976312610802
OXKURKXR,LSOIUSXD,0.38015410341909067,1,130175.88372093023,73528.8206833178,127645.02325581395,83896.6526178955,0.38015410341909067,0.9805581464572773,1.1410036477817325
BTMOEMEP,UXSPKBJR,0.47202266439116164,1,16395223.837209303,10213763.14944862,713685.7674418605,510105.31330486346,0.47202266439116164,0.043530102091201235,0.049942935413804956
AHMDUILJ,BSRMSVTC,-0.3897165574684506,1,126828.81395348837,45511.535634159176,521682.3953488372,573916.8856602091,0.3897165574684506,4.113279775178213,12.61036081623313
JERHKLYW,CCLHWFWF,-0.30435050751114,1,7777.790697674419,7073.338413014731,25162736.30232558,11154521.343319219,0.30435050751114,3235.2035786478677,1576.9811495542547
OKMBFVKS,LLHREMKS,-0.35774200310004933,4,2362445.5581395347,368425.6810733831,54678.93023255814,69750.10861853519,1.4309680124001973,0.02314505409199591,0.18931934499010408
SDWAYPIK,DEWLVASR,-0.525873317514825,1,10189508.627906976,6060078.075849837,220110.41860465117,175703.7543836854,0.525873317514825,0.02160167154692742,0.028993645326758685
XIPPENFQ,KAGJCHMR,0.3608736538386124,3,149003.3023255814,84821.17061275388,22543.418604651164,34677.543918173666,1.0826209615158373,0.15129475825469363,0.4088312347878709
PLMZALFA,AHMDUILJ,0.32885868548857355,6,125.23255813953489,461.5565090354494,126828.81395348837,45511.535634159176,1.9731521129314413,1012.746324317903,98.60447127192228
LUENUFGA,ATLDMDBO,-0.44347065068919994,2,6410190.837209302,4770467.673868264,59997368.674418606,32347299.68026454,0.8869413013783999,9.359685257128678,6.780739728611989
RJGPVEXX,PYZMVUWD,-0.38646931469905554,1,516165.72093023255,193020.79378830225,12327.976744186046,17444.10107462648,0.38646931469905554,0.02388375718159802,0.09037420648921443
GMBFCMIU,UQYUIVVR,0.4978124296189869,6,26.27906976744186,170.30783695816,3521687.465116279,3086917.8975832113,2.9868745777139214,134011.1108296657,18125.518676019965
UGEQLMXM,RJCAXSGH,-0.3360125061477729,6,156311.44186046513,113236.30523025779,716460.5813953489,1637170.1541742936,2.0160750368866376,4.583545342959153,14.457996936854919
QJQJSWFU,AANGBULD,-0.3934374587357812,5,172761.72093023255,83125.52033012893,84017.69767441861,143585.74825850618,1.9671872936789059,0.48632125925546715,1.7273365349959326
YSYHGLQK,XMKRPGLB,0.3503828695897817,4,2228.7906976744184,2578.005796429693,1125717.2325581396,668126.9581434646,1.4015314783591268,505.0798324076209,259.16425743091673
SNHYOVBM,ELQGMQWE,0.36637392905866306,6,561061.023255814,576273.7883040103,386914.3023255814,184187.38995451733,2.198243574351978,0.689611800298734,0.31961785125828174
FITUEHWN,ANWUJOKX,0.5353611419267386,5,61688.11627906977,38368.825764171655,8146.720930232558,20346.24423410247,2.676805709633693,0.132063052359156,0.5302806074553177
BSRMSVTC,QKXNTIIB,0.3136406077951044,5,521682.3953488372,573916.8856602091,1930363.0232558139,1047727.7871818389,1.568203038975522,3.7002648363499473,1.825574074153181
KFQSHBNH,FWUCPMMW,0.5814134361823448,6,1129436.1860465116,2874557.073510333,2272.6279069767443,6452.598268890318,3.4884806170940683,0.0020121791164933885,0.0022447278324546644
QRKRBYJL,LSOIUSXD,0.3830440886979515,2,5150163.976744186,4325851.483678751,127645.02325581395,83896.6526178955,0.766088177395903,0.024784652261981642,0.019394251729264057
OGAFEHLU,ROACSLMG,0.4429905281647128,2,1785496.6279069767,3359489.1308363928,2137643.302325581,394841.09931520995,0.8859810563294256,1.1972261772514274,0.11753010173210209
WPQXWHYO,EVBVXETX,0.45466445473440625,2,9520863.139534883,2338027.3055150933,4595340.441860465,777360.3161292231,0.9093289094688125,0.4826600671086294,0.332485559212761
AXULOHBQ,VWMBASNE,0.30405223115789515,1,96264.09302325582,68687.62776235072,457042.3023255814,638471.8526951509,0.30405223115789515,4.7477962755065874,9.295296307143932
YSYHGLQK,XMKRPGLB,0.3503828695897817,4,2228.7906976744184,2578.005796429693,1125717.2325581396,668126.9581434646,1.4015314783591268,505.0798324076209,259.16425743091673
FWUCPMMW,DUCMGGNW,0.3583439702403742,4,2272.6279069767443,6452.598268890318,1329999.7209302327,580113.1993253188,1.4333758809614967,585.2254635534655,89.90381472100844
OGAFEHLU,LPHPPJUG,-0.3651338773227188,4,1785496.6279069767,3359489.1308363928,1147320.7674418604,186983.30866159935,1.4605355092908752,0.6425779525476609,0.055658256770424956
JBVHSUWY,QSDCUCLB,0.33646016252237543,4,443156.76744186046,340002.2276556871,64.95348837209302,197.1710334742901,1.3458406500895017,0.0001465700021843127,0.0005799110047990069
APQGTRMF,FDXPMYGF,0.41464520168375063,5,257208.13953488372,209590.88830924782,5110.325581395349,11074.699991150854,2.0732260084187533,0.019868444251479045,0.052839606150995845
