max_depth,learning_rate,subsample,colsample_bytree,reg_alpha,reg_lambda,score,f1,nmae
7,0.09,0.8,0.9,0.05,0.5,0.6345418186081538,0.8120063191153238,0.6316549321526012
6,0.08,0.9,0.8,0.07,0.6,0.6325426278052283,0.8120063191153238,0.6366529091599149
6,0.08,0.9,0.85,0.07,0.6,0.6325426278052283,0.8120063191153238,0.6366529091599149
6,0.09,0.8,0.85,0.07,0.6,0.6324921938596691,0.8120063191153238,0.6367789940238129
6,0.09,0.8,0.8,0.07,0.6,0.6324921938596691,0.8120063191153238,0.6367789940238129
7,0.09,0.8,0.9,0.03,0.6,0.6321042835155517,0.8120063191153238,0.6377487698841063
6,0.08,0.8,0.9,0.07,0.6,0.6320741799977045,0.8120063191153238,0.6378240286787242
7,0.08,0.8,0.9,0.05,0.5,0.6320385832569322,0.8120063191153238,0.6379130205306551
7,0.08,0.8,0.9,0.03,0.5,0.6318687107855729,0.8120063191153238,0.6383377017090534
5,0.09,0.85,0.9,0.07,0.4,0.6318591426744741,0.8120063191153238,0.6383616219868006
5,0.09,0.9,0.9,0.05,0.5,0.6318319209250634,0.8120063191153238,0.6384296763603273
7,0.08,0.9,0.9,0.03,0.6,0.6317996487373395,0.8120063191153238,0.6385103568296369
7,0.09,0.8,0.9,0.07,0.4,0.6317403125756004,0.8120063191153238,0.6386586972339847
7,0.08,0.8,0.9,0.05,0.4,0.6316675317808098,0.8120063191153238,0.6388406492209611
5,0.09,0.85,0.9,0.07,0.5,0.6315304153163956,0.8120063191153238,0.6391834403819966
6,0.07,0.8,0.9,0.03,0.5,0.631495541193805,0.8120063191153238,0.6392706256884733
7,0.09,0.8,0.9,0.03,0.5,0.6314508866011039,0.8120063191153238,0.6393822621702258
5,0.09,0.9,0.9,0.05,0.6,0.631352494211935,0.8120063191153238,0.6396282431431483
6,0.09,0.8,0.8,0.03,0.6,0.6312558757100273,0.8120063191153238,0.6398697893979176
6,0.09,0.8,0.85,0.03,0.6,0.6312558757100273,0.8120063191153238,0.6398697893979176
5,0.09,0.9,0.9,0.05,0.4,0.6311775099706509,0.8120063191153238,0.6400657037463584
5,0.07,0.8,0.85,0.05,0.5,0.6311652882448548,0.8120063191153238,0.6400962580608485
5,0.07,0.8,0.8,0.05,0.5,0.6311652882448548,0.8120063191153238,0.6400962580608485
6,0.09,0.8,0.9,0.05,0.4,0.6311188950191499,0.8120063191153238,0.6402122411251111
6,0.09,0.8,0.8,0.07,0.5,0.6311183509341256,0.8120063191153238,0.6402136013376717
6,0.09,0.8,0.85,0.07,0.5,0.6311183509341256,0.8120063191153238,0.6402136013376717
6,0.08,0.8,0.9,0.07,0.5,0.6310731972819016,0.8120063191153238,0.6403264854682318
7,0.08,0.8,0.8,0.07,0.4,0.6310645298325869,0.8120063191153238,0.6403481540915186
7,0.08,0.8,0.85,0.07,0.4,0.6310645298325869,0.8120063191153238,0.6403481540915186
6,0.09,0.85,0.9,0.07,0.4,0.6310620924207596,0.8120063191153238,0.6403542476210867
5,0.08,0.8,0.9,0.05,0.6,0.6310401991023664,0.8120063191153238,0.6404089809170695
6,0.07,0.85,0.8,0.03,0.5,0.6310334722558287,0.8120063191153238,0.6404257980334139
6,0.07,0.85,0.85,0.03,0.5,0.6310334722558287,0.8120063191153238,0.6404257980334139
7,0.09,0.8,0.9,0.07,0.5,0.631018219783356,0.8120063191153238,0.6404639292145955
6,0.09,0.8,0.9,0.05,0.5,0.630989297078576,0.8120063191153238,0.6405362359765456
7,0.08,0.9,0.9,0.03,0.4,0.6309079139754745,0.8120063191153238,0.6407396937342995
5,0.08,0.9,0.8,0.07,0.5,0.6308958972000587,0.8120063191153238,0.6407697356728391
5,0.08,0.9,0.85,0.07,0.5,0.6308958972000587,0.8120063191153238,0.6407697356728391
5,0.09,0.9,0.9,0.03,0.6,0.6308879865698038,0.8120063191153238,0.6407895122484762
7,0.07,0.8,0.9,0.03,0.5,0.6308821289675319,0.8120063191153238,0.640804156254156
7,0.07,0.9,0.85,0.05,0.6,0.6308687338647476,0.8120063191153238,0.6408376440111165
7,0.07,0.9,0.8,0.05,0.6,0.6308687338647476,0.8120063191153238,0.6408376440111165
5,0.08,0.9,0.8,0.05,0.5,0.6308462220267784,0.8120063191153238,0.6408939236060396
5,0.08,0.9,0.85,0.05,0.5,0.6308462220267784,0.8120063191153238,0.6408939236060396
5,0.07,0.9,0.85,0.05,0.5,0.6306741738506407,0.8120063191153238,0.6413240440463839
5,0.07,0.9,0.8,0.05,0.5,0.6306741738506407,0.8120063191153238,0.6413240440463839
5,0.09,0.9,0.9,0.07,0.4,0.6306461603287838,0.8120063191153238,0.6413940778510262
5,0.09,0.9,0.8,0.03,0.6,0.6305992672152354,0.8120063191153238,0.6415113106348971
5,0.09,0.9,0.85,0.03,0.6,0.6305992672152354,0.8120063191153238,0.6415113106348971
5,0.09,0.9,0.85,0.05,0.6,0.6305973451193999,0.8120063191153238,0.641516115874486
5,0.09,0.9,0.8,0.05,0.6,0.6305973451193999,0.8120063191153238,0.641516115874486
6,0.07,0.8,0.9,0.07,0.5,0.630586887580964,0.8120063191153238,0.6415422597205757
6,0.08,0.8,0.9,0.05,0.4,0.6305836517720492,0.8120063191153238,0.6415503492428627
6,0.07,0.85,0.85,0.07,0.4,0.6305796854253184,0.8120063191153238,0.6415602651096898
6,0.07,0.85,0.8,0.07,0.4,0.6305796854253184,0.8120063191153238,0.6415602651096898
7,0.09,0.8,0.8,0.05,0.6,0.6305307374727471,0.8120063191153238,0.6416826349911179
7,0.09,0.8,0.85,0.05,0.6,0.6305307374727471,0.8120063191153238,0.6416826349911179
6,0.07,0.85,0.85,0.07,0.5,0.6304990154006309,0.8120063191153238,0.6417619401714084
6,0.07,0.85,0.8,0.07,0.5,0.6304990154006309,0.8120063191153238,0.6417619401714084
5,0.07,0.85,0.9,0.05,0.6,0.6304960020598669,0.8120063191153238,0.6417694735233185
6,0.08,0.8,0.9,0.03,0.4,0.630487986985408,0.8120063191153238,0.6417895112094658
5,0.07,0.9,0.85,0.05,0.6,0.6304398557479005,0.8120063191153238,0.6419098393032344
5,0.07,0.9,0.8,0.05,0.6,0.6304398557479005,0.8120063191153238,0.6419098393032344
5,0.07,0.9,0.8,0.03,0.6,0.6304392741911249,0.8120063191153238,0.6419112931951736
5,0.07,0.9,0.85,0.03,0.6,0.6304392741911249,0.8120063191153238,0.6419112931951736
7,0.08,0.8,0.8,0.03,0.5,0.6304366545009548,0.8120063191153238,0.6419178424205989
7,0.08,0.8,0.85,0.03,0.5,0.6304366545009548,0.8120063191153238,0.6419178424205989
6,0.09,0.85,0.85,0.03,0.5,0.6304152379083626,0.8120063191153238,0.6419713839020791
6,0.09,0.85,0.8,0.03,0.5,0.6304152379083626,0.8120063191153238,0.6419713839020791
6,0.08,0.85,0.9,0.05,0.6,0.6304102145323481,0.8120063191153238,0.6419839423421153
6,0.09,0.8,0.8,0.05,0.5,0.6304031218309252,0.8120063191153238,0.6420016740956728
6,0.09,0.8,0.85,0.05,0.5,0.6304031218309252,0.8120063191153238,0.6420016740956728
7,0.09,0.8,0.9,0.05,0.4,0.6304030318305469,0.8120063191153238,0.6420018990966184
5,0.07,0.85,0.9,0.03,0.5,0.6303931832348496,0.8120063191153238,0.6420265205858617
6,0.07,0.85,0.9,0.07,0.4,0.6303507017123919,0.8120063191153238,0.6421327243920059
5,0.07,0.9,0.85,0.03,0.5,0.6302890044397597,0.8120063191153238,0.6422869675735866
5,0.07,0.9,0.8,0.03,0.5,0.6302890044397597,0.8120063191153238,0.6422869675735866
6,0.07,0.8,0.85,0.03,0.5,0.6302599024934727,0.8120063191153238,0.6423597224393038
6,0.07,0.8,0.8,0.03,0.5,0.6302599024934727,0.8120063191153238,0.6423597224393038
6,0.07,0.9,0.9,0.03,0.6,0.6302145128626244,0.8120063191153238,0.6424731965164245
7,0.07,0.9,0.8,0.05,0.5,0.6301635691827655,0.8120063191153238,0.642600555716072
7,0.07,0.9,0.85,0.05,0.5,0.6301635691827655,0.8120063191153238,0.642600555716072
5,0.07,0.9,0.85,0.07,0.6,0.630117932905703,0.8120063191153238,0.6427146464087284
5,0.07,0.9,0.8,0.07,0.6,0.630117932905703,0.8120063191153238,0.6427146464087284
7,0.07,0.85,0.9,0.03,0.5,0.6301149580365637,0.8120063191153238,0.6427220835815763
6,0.07,0.8,0.9,0.07,0.6,0.630102241724156,0.8120063191153238,0.6427538743625958
7,0.07,0.9,0.85,0.03,0.6,0.6300930929184924,0.8120063191153238,0.6427767463767547
7,0.07,0.9,0.8,0.03,0.6,0.6300930929184924,0.8120063191153238,0.6427767463767547
6,0.08,0.8,0.85,0.07,0.4,0.6300746464696066,0.8120063191153238,0.6428228624989691
6,0.08,0.8,0.8,0.07,0.4,0.6300746464696066,0.8120063191153238,0.6428228624989691
6,0.09,0.8,0.9,0.03,0.4,0.6300557485698837,0.8120063191153238,0.6428701072482764
6,0.08,0.85,0.9,0.05,0.4,0.630041534133915,0.8120063191153238,0.6429056433381984
5,0.07,0.8,0.9,0.03,0.6,0.630031897262544,0.8120063191153238,0.6429297355166257
6,0.07,0.9,0.85,0.07,0.6,0.6299486392122411,0.8120063191153238,0.6431378806423831
6,0.07,0.9,0.8,0.07,0.6,0.6299486392122411,0.8120063191153238,0.6431378806423831
7,0.07,0.9,0.85,0.03,0.5,0.6299147477224947,0.8120063191153238,0.6432226093667489
7,0.07,0.9,0.8,0.03,0.5,0.6299147477224947,0.8120063191153238,0.6432226093667489
5,0.07,0.85,0.9,0.05,0.4,0.6299038039496943,0.8120063191153238,0.64324996879875
6,0.07,0.85,0.9,0.03,0.6,0.6299005377095053,0.8120063191153238,0.6432581343992226
5,0.09,0.9,0.85,0.07,0.4,0.6298986418689352,0.8120063191153238,0.6432628740006477
5,0.09,0.9,0.8,0.07,0.4,0.6298986418689352,0.8120063191153238,0.6432628740006477
6,0.07,0.8,0.8,0.03,0.6,0.6298679411332294,0.8120063191153238,0.6433396258399121
6,0.07,0.8,0.85,0.03,0.6,0.6298679411332294,0.8120063191153238,0.6433396258399121
5,0.09,0.85,0.9,0.05,0.5,0.6298642158843509,0.8120063191153238,0.6433489389621083
6,0.07,0.8,0.85,0.07,0.5,0.6298552366214789,0.8120063191153238,0.6433713871192884
6,0.07,0.8,0.8,0.07,0.5,0.6298552366214789,0.8120063191153238,0.6433713871192884
5,0.07,0.85,0.9,0.03,0.4,0.6298313810603472,0.8120063191153238,0.6434310260221177
6,0.08,0.9,0.85,0.05,0.6,0.6298270737922771,0.8120063191153238,0.6434417941922931
6,0.08,0.9,0.8,0.05,0.6,0.6298270737922771,0.8120063191153238,0.6434417941922931
5,0.07,0.8,0.9,0.03,0.5,0.629823616898479,0.8120063191153238,0.6434504364267881
5,0.09,0.9,0.8,0.05,0.4,0.6298212237373911,0.8120063191153238,0.6434564193295078
5,0.09,0.9,0.85,0.05,0.4,0.6298212237373911,0.8120063191153238,0.6434564193295078
5,0.09,0.9,0.9,0.07,0.5,0.6297727918496061,0.8120063191153238,0.6435774990489705
7,0.08,0.8,0.9,0.07,0.6,0.6297692254315493,0.8120063191153238,0.6435864150941124
5,0.07,0.9,0.85,0.07,0.5,0.6297291687221659,0.8120063191153238,0.643686556867571
5,0.07,0.9,0.8,0.07,0.5,0.6297291687221659,0.8120063191153238,0.643686556867571
6,0.09,0.8,0.9,0.07,0.5,0.6296892376311329,0.8120063191153238,0.6437863845951534
6,0.07,0.9,0.9,0.07,0.5,0.6296710837419925,0.8120063191153238,0.6438317693180042
7,0.07,0.8,0.9,0.07,0.6,0.6296506984974862,0.8120063191153238,0.6438827324292701
6,0.09,0.8,0.85,0.03,0.4,0.62964325299086,0.8120063191153238,0.6439013461958357
6,0.09,0.8,0.8,0.03,0.4,0.62964325299086,0.8120063191153238,0.6439013461958357
7,0.08,0.85,0.8,0.03,0.4,0.6296317290810967,0.8120063191153238,0.6439301559702441
7,0.08,0.85,0.85,0.03,0.4,0.6296317290810967,0.8120063191153238,0.6439301559702441
7,0.08,0.85,0.9,0.07,0.4,0.6296140452003375,0.8120063191153238,0.643974365672142
7,0.08,0.8,0.8,0.05,0.4,0.6296052258951907,0.8120063191153238,0.6439964139350087
7,0.08,0.8,0.85,0.05,0.4,0.6296052258951907,0.8120063191153238,0.6439964139350087
5,0.08,0.9,0.85,0.03,0.5,0.6296011036877497,0.8120063191153238,0.6440067194536114
5,0.08,0.9,0.8,0.03,0.5,0.6296011036877497,0.8120063191153238,0.6440067194536114
7,0.07,0.8,0.9,0.03,0.6,0.629589385957526,0.8120063191153238,0.6440360137791707
6,0.08,0.8,0.8,0.07,0.5,0.6295741915804614,0.8120063191153238,0.6440739997218322
6,0.08,0.8,0.85,0.07,0.5,0.6295741915804614,0.8120063191153238,0.6440739997218322
7,0.08,0.9,0.9,0.05,0.6,0.6295710730527169,0.8120063191153238,0.6440817960411936
6,0.08,0.8,0.9,0.05,0.6,0.6295213077692168,0.8120063191153238,0.6442062092499437
6,0.07,0.9,0.85,0.07,0.5,0.6295128214791244,0.8120063191153238,0.6442274249751748
6,0.07,0.9,0.8,0.07,0.5,0.6295128214791244,0.8120063191153238,0.6442274249751748
6,0.09,0.8,0.9,0.07,0.6,0.6295113465530742,0.8120063191153238,0.6442311122903002
6,0.08,0.85,0.8,0.05,0.4,0.629510013072511,0.8120063191153238,0.6442344459917082
6,0.08,0.85,0.85,0.05,0.4,0.629510013072511,0.8120063191153238,0.6442344459917082
5,0.08,0.85,0.8,0.07,0.4,0.6294682932998563,0.8120063191153238,0.6443387454233449
5,0.08,0.85,0.85,0.07,0.4,0.6294682932998563,0.8120063191153238,0.6443387454233449
6,0.09,0.85,0.8,0.07,0.4,0.6294572057569484,0.8120063191153238,0.6443664642806146
6,0.09,0.85,0.85,0.07,0.4,0.6294572057569484,0.8120063191153238,0.6443664642806146
6,0.07,0.85,0.9,0.07,0.5,0.62945309558776,0.8120063191153238,0.6443767397035857
7,0.07,0.85,0.9,0.03,0.4,0.6294491188714326,0.8120063191153238,0.644386681494404
5,0.08,0.8,0.9,0.07,0.6,0.6294438927793037,0.8120063191153238,0.6443997467247266
6,0.08,0.8,0.9,0.07,0.4,0.629408161491125,0.8120063191153238,0.6444890749451733
7,0.07,0.9,0.8,0.07,0.5,0.6293912014871147,0.8120063191153238,0.6445314749551989
7,0.07,0.9,0.85,0.07,0.5,0.6293912014871147,0.8120063191153238,0.6445314749551989
6,0.08,0.9,0.8,0.03,0.4,0.6293623011840397,0.8120063191153238,0.6446037257128864
6,0.08,0.9,0.85,0.03,0.4,0.6293623011840397,0.8120063191153238,0.6446037257128864
5,0.08,0.9,0.9,0.03,0.6,0.6293562820326518,0.8120063191153238,0.6446187735913562
7,0.08,0.8,0.85,0.07,0.6,0.6293442984256132,0.8120063191153238,0.6446487326089527
7,0.08,0.8,0.8,0.07,0.6,0.6293442984256132,0.8120063191153238,0.6446487326089527
6,0.07,0.9,0.85,0.05,0.5,0.6293291068975881,0.8120063191153238,0.6446867114290153
6,0.07,0.9,0.8,0.05,0.5,0.6293291068975881,0.8120063191153238,0.6446867114290153
5,0.08,0.9,0.8,0.07,0.6,0.6293056059046566,0.8120063191153238,0.6447454639113442
5,0.08,0.9,0.85,0.07,0.6,0.6293056059046566,0.8120063191153238,0.6447454639113442
6,0.09,0.8,0.85,0.05,0.6,0.6293023365320948,0.8120063191153238,0.6447536373427488
6,0.09,0.8,0.8,0.05,0.6,0.6293023365320948,0.8120063191153238,0.6447536373427488
5,0.07,0.85,0.9,0.07,0.6,0.6292988355103042,0.8120063191153238,0.6447623898972252
5,0.07,0.8,0.9,0.05,0.6,0.6292945347436099,0.8120063191153238,0.6447731418139611
6,0.07,0.8,0.85,0.07,0.6,0.6292911913898014,0.8120063191153238,0.6447815001984821
6,0.07,0.8,0.8,0.07,0.6,0.6292911913898014,0.8120063191153238,0.6447815001984821
5,0.09,0.9,0.9,0.03,0.5,0.6292910846499932,0.8120063191153238,0.6447817670480027
7,0.09,0.8,0.8,0.07,0.6,0.6292901830446744,0.8120063191153238,0.6447840210612996
7,0.09,0.8,0.85,0.07,0.6,0.6292901830446744,0.8120063191153238,0.6447840210612996
5,0.08,0.8,0.9,0.07,0.4,0.6292707338787875,0.8120063191153238,0.644832643976017
6,0.07,0.85,0.85,0.05,0.4,0.6292558715473701,0.8120063191153238,0.6448697998045605
6,0.07,0.85,0.8,0.05,0.4,0.6292558715473701,0.8120063191153238,0.6448697998045605
5,0.07,0.9,0.85,0.03,0.4,0.6292525198122739,0.8120063191153238,0.6448781791423008
5,0.07,0.9,0.8,0.03,0.4,0.6292525198122739,0.8120063191153238,0.6448781791423008
5,0.08,0.9,0.9,0.07,0.6,0.62924722991534,0.8120063191153238,0.6448914038846357
6,0.09,0.8,0.85,0.07,0.4,0.6292364273570263,0.8120063191153238,0.6449184102804199
6,0.09,0.8,0.8,0.07,0.4,0.6292364273570263,0.8120063191153238,0.6449184102804199
5,0.07,0.85,0.9,0.07,0.5,0.6292268614126355,0.8120063191153238,0.6449423251413969
5,0.09,0.85,0.9,0.03,0.5,0.6292259829026648,0.8120063191153238,0.6449445214163235
7,0.08,0.8,0.9,0.07,0.5,0.6292198444428552,0.8120063191153238,0.6449598675658478
5,0.09,0.9,0.8,0.07,0.6,0.6292059655777713,0.8120063191153238,0.6449945647285575
5,0.09,0.9,0.85,0.07,0.6,0.6292059655777713,0.8120063191153238,0.6449945647285575
5,0.08,0.8,0.9,0.03,0.5,0.6292017317007115,0.8120063191153238,0.645005149421207
7,0.08,0.85,0.9,0.05,0.5,0.6291928963369391,0.8120063191153238,0.6450272378306379
6,0.09,0.85,0.85,0.07,0.6,0.6291645708340776,0.8120063191153238,0.6450980515877918
6,0.09,0.85,0.8,0.07,0.6,0.6291645708340776,0.8120063191153238,0.6450980515877918
6,0.09,0.9,0.85,0.05,0.4,0.6291574131322286,0.8120063191153238,0.6451159458424142
6,0.09,0.9,0.8,0.05,0.4,0.6291574131322286,0.8120063191153238,0.6451159458424142
6,0.08,0.9,0.85,0.07,0.4,0.6291318561753794,0.8120063191153238,0.6451798382345374
6,0.08,0.9,0.8,0.07,0.4,0.6291318561753794,0.8120063191153238,0.6451798382345374
5,0.08,0.9,0.85,0.07,0.4,0.6291211263645937,0.8120063191153238,0.6452066627615013
5,0.08,0.9,0.8,0.07,0.4,0.6291211263645937,0.8120063191153238,0.6452066627615013
5,0.08,0.9,0.85,0.05,0.4,0.6291210952719292,0.8120063191153238,0.6452067404931628
5,0.08,0.9,0.8,0.05,0.4,0.6291210952719292,0.8120063191153238,0.6452067404931628
5,0.08,0.8,0.9,0.03,0.6,0.6291077785257113,0.8120063191153238,0.6452400323587074
6,0.08,0.85,0.9,0.07,0.6,0.629107074343351,0.8120063191153238,0.6452417928146083
7,0.08,0.8,0.9,0.05,0.6,0.6290810332442037,0.8120063191153238,0.6453068955624764
5,0.07,0.8,0.85,0.07,0.5,0.6290614249233395,0.8120063191153238,0.645355916364637
5,0.07,0.8,0.8,0.07,0.5,0.6290614249233395,0.8120063191153238,0.645355916364637
5,0.07,0.9,0.8,0.07,0.4,0.6290510456992755,0.8120063191153238,0.645381864424797
5,0.07,0.9,0.85,0.07,0.4,0.6290510456992755,0.8120063191153238,0.645381864424797
6,0.07,0.85,0.85,0.05,0.6,0.6290497649794999,0.8120063191153238,0.6453850662242359
6,0.07,0.85,0.8,0.05,0.6,0.6290497649794999,0.8120063191153238,0.6453850662242359
7,0.09,0.8,0.85,0.07,0.5,0.6290406613146484,0.8120063191153238,0.6454078253863648
7,0.09,0.8,0.8,0.07,0.5,0.6290406613146484,0.8120063191153238,0.6454078253863648
6,0.08,0.85,0.9,0.07,0.5,0.6290215840894999,0.8120063191153238,0.645455518449236
6,0.08,0.9,0.9,0.05,0.6,0.6290107018188661,0.8120063191153238,0.6454827241258204
6,0.07,0.9,0.85,0.03,0.4,0.6289654576482476,0.8120063191153238,0.6455958345523666
6,0.07,0.9,0.8,0.03,0.4,0.6289654576482476,0.8120063191153238,0.6455958345523666
5,0.08,0.85,0.85,0.07,0.5,0.6289628981912642,0.8120063191153238,0.6456022331948253
5,0.08,0.85,0.8,0.07,0.5,0.6289628981912642,0.8120063191153238,0.6456022331948253
6,0.08,0.8,0.9,0.05,0.5,0.6289220075671008,0.8120063191153238,0.6457044597552336
5,0.07,0.9,0.9,0.07,0.4,0.6289209541194598,0.8120063191153238,0.6457070933743361
7,0.08,0.8,0.8,0.05,0.5,0.6289037528209793,0.8120063191153238,0.6457500966205373
7,0.08,0.8,0.85,0.05,0.5,0.6289037528209793,0.8120063191153238,0.6457500966205373
6,0.09,0.9,0.9,0.05,0.4,0.6288904382283111,0.8120063191153238,0.6457833831022078
5,0.08,0.85,0.9,0.05,0.6,0.6288447765779226,0.8120063191153238,0.6458975372281791
6,0.09,0.85,0.85,0.07,0.5,0.6288215655462501,0.8120063191153238,0.6459555648073605
6,0.09,0.85,0.8,0.07,0.5,0.6288215655462501,0.8120063191153238,0.6459555648073605
5,0.07,0.85,0.9,0.03,0.6,0.6288056744673556,0.8120063191153238,0.6459952925045968
6,0.07,0.8,0.9,0.03,0.6,0.6288017589412651,0.8120063191153238,0.646005081319823
6,0.07,0.85,0.9,0.07,0.6,0.6287996935764514,0.8120063191153238,0.6460102447318573
7,0.07,0.8,0.9,0.05,0.6,0.6287878814371882,0.8120063191153238,0.6460397750800151
6,0.08,0.85,0.8,0.05,0.5,0.6287872104823347,0.8120063191153238,0.646041452467149
6,0.08,0.85,0.85,0.05,0.5,0.6287872104823347,0.8120063191153238,0.646041452467149
6,0.08,0.9,0.9,0.03,0.5,0.6287687360093156,0.8120063191153238,0.6460876386496968
6,0.07,0.85,0.9,0.03,0.4,0.6287641032614071,0.8120063191153238,0.646099220519468
7,0.09,0.9,0.8,0.03,0.6,0.628762490427168,0.8120063191153238,0.6461032526050656
7,0.09,0.9,0.85,0.03,0.6,0.628762490427168,0.8120063191153238,0.6461032526050656
5,0.07,0.9,0.9,0.07,0.5,0.6287624786778905,0.8120063191153238,0.6461032819782596
5,0.08,0.9,0.85,0.05,0.6,0.6287543534266811,0.8120063191153238,0.6461235951062831
5,0.08,0.9,0.8,0.05,0.6,0.6287543534266811,0.8120063191153238,0.6461235951062831
6,0.09,0.8,0.8,0.03,0.5,0.6287542302178538,0.8120063191153238,0.6461239031283511
6,0.09,0.8,0.85,0.03,0.5,0.6287542302178538,0.8120063191153238,0.6461239031283511
5,0.08,0.9,0.9,0.05,0.5,0.6287320118573466,0.8120063191153238,0.6461794490296191
7,0.07,0.8,0.9,0.07,0.5,0.6287207713921268,0.8120063191153238,0.6462075501926686
5,0.08,0.85,0.8,0.05,0.5,0.6287205249470286,0.8120063191153238,0.6462081663054143
5,0.08,0.85,0.85,0.05,0.5,0.6287205249470286,0.8120063191153238,0.6462081663054143
6,0.08,0.8,0.8,0.05,0.4,0.6287098302733152,0.8120063191153238,0.6462349029896978
6,0.08,0.8,0.85,0.05,0.4,0.6287098302733152,0.8120063191153238,0.6462349029896978
5,0.07,0.8,0.9,0.03,0.4,0.6287049381291536,0.8120063191153238,0.6462471333501015
7,0.08,0.9,0.8,0.07,0.4,0.6286679352976497,0.8120063191153238,0.6463396404288614
7,0.08,0.9,0.85,0.07,0.4,0.6286679352976497,0.8120063191153238,0.6463396404288614
5,0.07,0.9,0.9,0.03,0.4,0.6286502681070651,0.8120063191153238,0.6463838084053228
5,0.07,0.8,0.9,0.07,0.4,0.6286470147093868,0.8120063191153238,0.6463919418995189
6,0.07,0.8,0.9,0.05,0.6,0.6286322375832271,0.8120063191153238,0.6464288847149181
7,0.07,0.8,0.85,0.03,0.6,0.6286244547477292,0.8120063191153238,0.6464483418036626
7,0.07,0.8,0.8,0.03,0.6,0.6286244547477292,0.8120063191153238,0.6464483418036626
6,0.08,0.9,0.9,0.05,0.4,0.6286129212327058,0.8120063191153238,0.6464771755912211
7,0.09,0.8,0.9,0.07,0.6,0.628608560035995,0.8120063191153238,0.6464880785829984
7,0.07,0.8,0.85,0.05,0.4,0.6286063795334292,0.8120063191153238,0.6464935298394127
7,0.07,0.8,0.8,0.05,0.4,0.6286063795334292,0.8120063191153238,0.6464935298394127
6,0.08,0.9,0.9,0.07,0.6,0.6286058979410825,0.8120063191153238,0.6464947338202796
5,0.09,0.9,0.8,0.03,0.5,0.6286005202344382,0.8120063191153238,0.6465081780868902
5,0.09,0.9,0.85,0.03,0.5,0.6286005202344382,0.8120063191153238,0.6465081780868902
5,0.08,0.85,0.8,0.05,0.6,0.6285905792080391,0.8120063191153238,0.6465330306528881
5,0.08,0.85,0.85,0.05,0.6,0.6285905792080391,0.8120063191153238,0.6465330306528881
7,0.08,0.9,0.8,0.05,0.5,0.6285902200447004,0.8120063191153238,0.6465339285612345
7,0.08,0.9,0.85,0.05,0.5,0.6285902200447004,0.8120063191153238,0.6465339285612345
7,0.08,0.8,0.85,0.03,0.4,0.6285738310156659,0.8120063191153238,0.6465749011338211
7,0.08,0.8,0.8,0.03,0.4,0.6285738310156659,0.8120063191153238,0.6465749011338211
5,0.08,0.85,0.85,0.07,0.6,0.6285502046377659,0.8120063191153238,0.6466339670785709
5,0.08,0.85,0.8,0.07,0.6,0.6285502046377659,0.8120063191153238,0.6466339670785709
6,0.09,0.9,0.85,0.03,0.4,0.6285465493352563,0.8120063191153238,0.6466431053348449
6,0.09,0.9,0.8,0.03,0.4,0.6285465493352563,0.8120063191153238,0.6466431053348449
6,0.07,0.85,0.8,0.07,0.6,0.6285424839302707,0.8120063191153238,0.6466532688473091
6,0.07,0.85,0.85,0.07,0.6,0.6285424839302707,0.8120063191153238,0.6466532688473091
6,0.07,0.9,0.9,0.05,0.4,0.628529597234242,0.8120063191153238,0.6466854855873808
5,0.07,0.8,0.8,0.03,0.6,0.6285192397667584,0.8120063191153238,0.6467113792560898
5,0.07,0.8,0.85,0.03,0.6,0.6285192397667584,0.8120063191153238,0.6467113792560898
5,0.07,0.8,0.85,0.07,0.4,0.6284982549522835,0.8120063191153238,0.6467638412922768
5,0.07,0.8,0.8,0.07,0.4,0.6284982549522835,0.8120063191153238,0.6467638412922768
5,0.09,0.85,0.85,0.07,0.5,0.6284797072177783,0.8120063191153238,0.6468102106285397
5,0.09,0.85,0.8,0.07,0.5,0.6284797072177783,0.8120063191153238,0.6468102106285397
5,0.09,0.8,0.9,0.03,0.5,0.6284771358097755,0.8120063191153238,0.6468166391485469
6,0.07,0.85,0.85,0.05,0.5,0.6284712521144603,0.8120063191153238,0.6468313483868349
6,0.07,0.85,0.8,0.05,0.5,0.6284712521144603,0.8120063191153238,0.6468313483868349
5,0.08,0.85,0.9,0.07,0.6,0.6284251114216922,0.8120063191153238,0.6469467001187552
7,0.07,0.8,0.9,0.05,0.4,0.6284199600108137,0.8120063191153238,0.6469595786459515
7,0.08,0.85,0.8,0.03,0.6,0.6283827291861703,0.8120063191153238,0.6470526557075599
7,0.08,0.85,0.85,0.03,0.6,0.6283827291861703,0.8120063191153238,0.6470526557075599
7,0.07,0.85,0.85,0.05,0.5,0.6283735982124907,0.8120063191153238,0.6470754831417588
7,0.07,0.85,0.8,0.05,0.5,0.6283735982124907,0.8120063191153238,0.6470754831417588
7,0.09,0.85,0.85,0.07,0.6,0.6283504000346449,0.8120063191153238,0.6471334785863733
7,0.09,0.85,0.8,0.07,0.6,0.6283504000346449,0.8120063191153238,0.6471334785863733
6,0.09,0.85,0.9,0.03,0.4,0.6283476204525872,0.8120063191153238,0.6471404275415178
6,0.08,0.9,0.9,0.07,0.5,0.6283332928262979,0.8120063191153238,0.6471762466072408
7,0.08,0.8,0.9,0.07,0.4,0.6283111765958624,0.8120063191153238,0.6472315371833296
5,0.07,0.8,0.9,0.07,0.6,0.6282878466839152,0.8120063191153238,0.6472898619631975
6,0.08,0.85,0.9,0.07,0.4,0.628287427738798,0.8120063191153238,0.6472909093259906
6,0.09,0.9,0.85,0.03,0.6,0.6282629200953895,0.8120063191153238,0.647352178434512
6,0.09,0.9,0.8,0.03,0.6,0.6282629200953895,0.8120063191153238,0.647352178434512
7,0.09,0.9,0.8,0.05,0.5,0.6282510492827333,0.8120063191153238,0.6473818554661523
7,0.09,0.9,0.85,0.05,0.5,0.6282510492827333,0.8120063191153238,0.6473818554661523
5,0.08,0.9,0.8,0.03,0.6,0.6282480187230473,0.8120063191153238,0.6473894318653677
5,0.08,0.9,0.85,0.03,0.6,0.6282480187230473,0.8120063191153238,0.6473894318653677
5,0.07,0.9,0.9,0.07,0.6,0.6282450891648941,0.8120063191153238,0.6473967557607506
6,0.08,0.8,0.85,0.07,0.6,0.6282337991076528,0.8120063191153238,0.6474249809038537
6,0.08,0.8,0.8,0.07,0.6,0.6282337991076528,0.8120063191153238,0.6474249809038537
5,0.09,0.85,0.9,0.03,0.6,0.6282249810646877,0.8120063191153238,0.6474470260112665
6,0.09,0.9,0.8,0.03,0.5,0.6282175627075792,0.8120063191153238,0.6474655719040376
6,0.09,0.9,0.85,0.03,0.5,0.6282175627075792,0.8120063191153238,0.6474655719040376
7,0.07,0.85,0.85,0.03,0.5,0.6282053045867433,0.8120063191153238,0.6474962172061276
7,0.07,0.85,0.8,0.03,0.5,0.6282053045867433,0.8120063191153238,0.6474962172061276
7,0.08,0.8,0.8,0.03,0.6,0.6282017183384659,0.8120063191153238,0.6475051828268209
7,0.08,0.8,0.85,0.03,0.6,0.6282017183384659,0.8120063191153238,0.6475051828268209
5,0.07,0.9,0.8,0.05,0.4,0.6281989992346196,0.8120063191153238,0.6475119805864366
5,0.07,0.9,0.85,0.05,0.4,0.6281989992346196,0.8120063191153238,0.6475119805864366
6,0.07,0.9,0.9,0.05,0.5,0.6281343579483705,0.8120063191153238,0.6476735838020594
7,0.08,0.85,0.9,0.05,0.4,0.628131647317837,0.8120063191153238,0.6476803603783932
7,0.08,0.85,0.8,0.07,0.5,0.6281308050917033,0.8120063191153238,0.6476824659437275
7,0.08,0.85,0.85,0.07,0.5,0.6281308050917033,0.8120063191153238,0.6476824659437275
6,0.09,0.9,0.9,0.07,0.5,0.6281276828550098,0.8120063191153238,0.6476902715354613
5,0.09,0.85,0.9,0.03,0.4,0.6281217233357299,0.8120063191153238,0.6477051703336609
7,0.07,0.85,0.9,0.07,0.6,0.6281090181023291,0.8120063191153238,0.647736933417163
6,0.07,0.8,0.9,0.05,0.4,0.628108977218185,0.8120063191153238,0.6477370356275232
6,0.08,0.8,0.8,0.03,0.4,0.6281085084197318,0.8120063191153238,0.6477382076236562
6,0.08,0.8,0.85,0.03,0.4,0.6281085084197318,0.8120063191153238,0.6477382076236562
5,0.08,0.8,0.85,0.05,0.4,0.6281019454658103,0.8120063191153238,0.6477546150084599
5,0.08,0.8,0.8,0.05,0.4,0.6281019454658103,0.8120063191153238,0.6477546150084599
6,0.09,0.85,0.8,0.05,0.6,0.6281015834345567,0.8120063191153238,0.647755520086594
6,0.09,0.85,0.85,0.05,0.6,0.6281015834345567,0.8120063191153238,0.647755520086594
6,0.08,0.85,0.9,0.05,0.5,0.6280900782325578,0.8120063191153238,0.6477842830915912
6,0.08,0.85,0.85,0.03,0.4,0.628088965795218,0.8120063191153238,0.6477870641849408
6,0.08,0.85,0.8,0.03,0.4,0.628088965795218,0.8120063191153238,0.6477870641849408
6,0.09,0.85,0.9,0.05,0.4,0.6280798345163575,0.8120063191153238,0.647809892382092
5,0.07,0.9,0.9,0.03,0.5,0.6280734756314975,0.8120063191153238,0.6478257895942419
7,0.07,0.8,0.9,0.03,0.4,0.6280576877222765,0.8120063191153238,0.6478652593672942
6,0.08,0.85,0.9,0.03,0.6,0.6280531954345627,0.8120063191153238,0.647876490086579
6,0.08,0.9,0.9,0.03,0.6,0.6280473709151415,0.8120063191153238,0.6478910513851319
6,0.07,0.9,0.8,0.03,0.5,0.6280403338235319,0.8120063191153238,0.647908644114156
6,0.07,0.9,0.85,0.03,0.5,0.6280403338235319,0.8120063191153238,0.647908644114156
5,0.07,0.8,0.9,0.05,0.4,0.6280249352984836,0.8120063191153238,0.6479471404267768
6,0.08,0.9,0.9,0.05,0.5,0.6280153829360482,0.8120063191153238,0.6479710213328652
5,0.09,0.9,0.9,0.07,0.6,0.6280132024131366,0.8120063191153238,0.6479764726401442
5,0.09,0.85,0.9,0.05,0.4,0.6279980336418645,0.8120063191153238,0.6480143945683244
7,0.07,0.85,0.9,0.03,0.6,0.6279587958729572,0.8120063191153238,0.6481124889905926
6,0.07,0.85,0.85,0.03,0.6,0.6279394305410013,0.8120063191153238,0.6481609023204823
6,0.07,0.85,0.8,0.03,0.6,0.6279394305410013,0.8120063191153238,0.6481609023204823
5,0.08,0.8,0.9,0.05,0.5,0.6279221955304182,0.8120063191153238,0.6482039898469402
7,0.09,0.8,0.9,0.05,0.6,0.6279176654707912,0.8120063191153238,0.6482153149960076
6,0.07,0.85,0.9,0.05,0.6,0.6278793113902177,0.8120063191153238,0.6483112001974414
7,0.07,0.85,0.9,0.07,0.4,0.6278627347778531,0.8120063191153238,0.6483526417283527
6,0.08,0.8,0.9,0.03,0.5,0.627860408497523,0.8120063191153238,0.6483584574291782
6,0.08,0.9,0.9,0.03,0.4,0.627849748481627,0.8120063191153238,0.6483851074689181
6,0.09,0.8,0.9,0.05,0.6,0.6278378293523209,0.8120063191153238,0.6484149052921835
6,0.09,0.85,0.8,0.05,0.5,0.6278258544587711,0.8120063191153238,0.6484448425260579
6,0.09,0.85,0.85,0.05,0.5,0.6278258544587711,0.8120063191153238,0.6484448425260579
7,0.07,0.8,0.85,0.03,0.4,0.6278202646847912,0.8120063191153238,0.6484588169610076
7,0.07,0.8,0.8,0.03,0.4,0.6278202646847912,0.8120063191153238,0.6484588169610076
6,0.09,0.8,0.8,0.05,0.4,0.6278159498844873,0.8120063191153238,0.6484696039617676
6,0.09,0.8,0.85,0.05,0.4,0.6278159498844873,0.8120063191153238,0.6484696039617676
5,0.08,0.9,0.9,0.03,0.5,0.6278118246052014,0.8120063191153238,0.6484799171599824
5,0.07,0.85,0.9,0.05,0.5,0.6278083143909843,0.8120063191153238,0.6484886926955251
6,0.08,0.9,0.8,0.05,0.5,0.6277674093482003,0.8120063191153238,0.648590955302485
6,0.08,0.9,0.85,0.05,0.5,0.6277674093482003,0.8120063191153238,0.648590955302485
6,0.07,0.8,0.9,0.07,0.4,0.6277609286876431,0.8120063191153238,0.6486071569538778
6,0.07,0.8,0.9,0.05,0.5,0.6277570695932126,0.8120063191153238,0.648616804689954
5,0.07,0.8,0.8,0.05,0.4,0.6277519232671408,0.8120063191153238,0.6486296705051338
5,0.07,0.8,0.85,0.05,0.4,0.6277519232671408,0.8120063191153238,0.6486296705051338
6,0.08,0.9,0.85,0.05,0.4,0.6277511456953969,0.8120063191153238,0.6486316144344934
6,0.08,0.9,0.8,0.05,0.4,0.6277511456953969,0.8120063191153238,0.6486316144344934
6,0.08,0.85,0.8,0.05,0.6,0.6277391425934792,0.8120063191153238,0.6486616221892877
6,0.08,0.85,0.85,0.05,0.6,0.6277391425934792,0.8120063191153238,0.6486616221892877
5,0.08,0.8,0.8,0.07,0.4,0.6277381015557566,0.8120063191153238,0.6486642247835942
5,0.08,0.8,0.85,0.07,0.4,0.6277381015557566,0.8120063191153238,0.6486642247835942
7,0.09,0.85,0.8,0.05,0.5,0.6277239571090688,0.8120063191153238,0.6486995859003136
7,0.09,0.85,0.85,0.05,0.5,0.6277239571090688,0.8120063191153238,0.6486995859003136
5,0.07,0.8,0.85,0.05,0.6,0.6277211128776692,0.8120063191153238,0.6487066964788126
5,0.07,0.8,0.8,0.05,0.6,0.6277211128776692,0.8120063191153238,0.6487066964788126
5,0.09,0.85,0.85,0.05,0.4,0.6277200142750842,0.8120063191153238,0.6487094429852752
5,0.09,0.85,0.8,0.05,0.4,0.6277200142750842,0.8120063191153238,0.6487094429852752
6,0.07,0.9,0.9,0.03,0.5,0.6277090420620276,0.8120063191153238,0.6487368735179166
7,0.09,0.8,0.85,0.03,0.5,0.6277088374009222,0.8120063191153238,0.6487373851706802
7,0.09,0.8,0.8,0.03,0.5,0.6277088374009222,0.8120063191153238,0.6487373851706802
5,0.08,0.8,0.9,0.05,0.4,0.6277082688817128,0.8120063191153238,0.6487388064687037
6,0.08,0.8,0.8,0.05,0.6,0.6277056776030945,0.8120063191153238,0.6487452846652494
6,0.08,0.8,0.85,0.05,0.6,0.6277056776030945,0.8120063191153238,0.6487452846652494
5,0.07,0.85,0.9,0.07,0.4,0.6276748595965588,0.8120063191153238,0.6488223296815888
5,0.08,0.9,0.9,0.07,0.5,0.6276471555492991,0.8120063191153238,0.6488915897997379
7,0.07,0.9,0.9,0.03,0.5,0.627645319747873,0.8120063191153238,0.6488961793033033
5,0.09,0.85,0.8,0.03,0.6,0.6276118492475768,0.8120063191153238,0.6489798555540436
5,0.09,0.85,0.85,0.03,0.6,0.6276118492475768,0.8120063191153238,0.6489798555540436
7,0.07,0.9,0.9,0.07,0.5,0.6275972473940885,0.8120063191153238,0.6490163601877645
7,0.08,0.9,0.9,0.07,0.6,0.6275969261750682,0.8120063191153238,0.649017163235315
6,0.07,0.8,0.8,0.05,0.6,0.6275645888742916,0.8120063191153238,0.6490980064872568
6,0.07,0.8,0.85,0.05,0.6,0.6275645888742916,0.8120063191153238,0.6490980064872568
6,0.07,0.85,0.9,0.05,0.5,0.6275426106387735,0.8120063191153238,0.649152952076052
7,0.09,0.85,0.85,0.03,0.4,0.6275186967084037,0.8120063191153238,0.6492127369019765
7,0.09,0.85,0.8,0.03,0.4,0.6275186967084037,0.8120063191153238,0.6492127369019765
7,0.07,0.8,0.85,0.05,0.6,0.6275162831247648,0.8120063191153238,0.6492187708610736
7,0.07,0.8,0.8,0.05,0.6,0.6275162831247648,0.8120063191153238,0.6492187708610736
6,0.09,0.85,0.9,0.07,0.6,0.627489220868129,0.8120063191153238,0.6492864265026632
5,0.07,0.9,0.9,0.05,0.5,0.6274879331837002,0.8120063191153238,0.6492896457137352
7,0.07,0.8,0.9,0.07,0.4,0.6274855324557915,0.8120063191153238,0.6492956475335068
6,0.09,0.8,0.9,0.03,0.6,0.6274825864333968,0.8120063191153238,0.6493030125894935
7,0.08,0.8,0.8,0.05,0.6,0.6274799959612434,0.8120063191153238,0.6493094887698773
7,0.08,0.8,0.85,0.05,0.6,0.6274799959612434,0.8120063191153238,0.6493094887698773
7,0.09,0.8,0.9,0.03,0.4,0.6274791517475052,0.8120063191153238,0.6493115993042226
5,0.08,0.9,0.9,0.05,0.4,0.6274784796812727,0.8120063191153238,0.6493132794698039
6,0.09,0.85,0.9,0.03,0.5,0.6274679210901911,0.8120063191153238,0.6493396759475079
5,0.09,0.8,0.9,0.07,0.5,0.6274519555778015,0.8120063191153238,0.6493795897284819
5,0.07,0.8,0.8,0.03,0.4,0.6274410362682733,0.8120063191153238,0.6494068880023024
5,0.07,0.8,0.85,0.03,0.4,0.6274410362682733,0.8120063191153238,0.6494068880023024
7,0.08,0.85,0.9,0.03,0.4,0.6274368183084476,0.8120063191153238,0.6494174329018667
5,0.07,0.9,0.9,0.05,0.6,0.627409756109615,0.8120063191153238,0.6494850883989483
5,0.08,0.85,0.9,0.05,0.4,0.6274038426816927,0.8120063191153238,0.6494998719687539
5,0.09,0.85,0.85,0.05,0.5,0.6273982554567457,0.8120063191153238,0.6495138400311214
5,0.09,0.85,0.8,0.05,0.5,0.6273982554567457,0.8120063191153238,0.6495138400311214
6,0.07,0.8,0.85,0.05,0.5,0.6273913383988327,0.8120063191153238,0.649531132675904
6,0.07,0.8,0.8,0.05,0.5,0.6273913383988327,0.8120063191153238,0.649531132675904
6,0.09,0.9,0.8,0.07,0.6,0.6273808746437031,0.8120063191153238,0.649557292063728
6,0.09,0.9,0.85,0.07,0.6,0.6273808746437031,0.8120063191153238,0.649557292063728
7,0.07,0.85,0.9,0.05,0.5,0.6273698729321123,0.8120063191153238,0.6495847963427049
5,0.09,0.8,0.85,0.03,0.5,0.6273685045130891,0.8120063191153238,0.6495882173902628
5,0.09,0.8,0.8,0.03,0.5,0.6273685045130891,0.8120063191153238,0.6495882173902628
7,0.07,0.9,0.9,0.05,0.4,0.627324405474172,0.8120063191153238,0.6496984649875556
5,0.08,0.85,0.9,0.03,0.6,0.6273127189154253,0.8120063191153238,0.6497276813844224
5,0.08,0.85,0.8,0.03,0.6,0.6272979296537362,0.8120063191153238,0.6497646545386451
5,0.08,0.85,0.85,0.03,0.6,0.6272979296537362,0.8120063191153238,0.6497646545386451
6,0.08,0.8,0.9,0.03,0.6,0.6272912955743906,0.8120063191153238,0.6497812397370093
7,0.09,0.9,0.9,0.03,0.6,0.6272903285924727,0.8120063191153238,0.649783657191804
7,0.08,0.9,0.9,0.07,0.5,0.6272852514926098,0.8120063191153238,0.6497963499414611
5,0.08,0.85,0.85,0.03,0.5,0.6272644153873383,0.8120063191153238,0.6498484402046397
5,0.08,0.85,0.8,0.03,0.5,0.6272644153873383,0.8120063191153238,0.6498484402046397
5,0.08,0.85,0.9,0.03,0.4,0.627190204326566,0.8120063191153238,0.6500339678565707
7,0.07,0.9,0.85,0.07,0.6,0.6271773310001365,0.8120063191153238,0.6500661511726443
7,0.07,0.9,0.8,0.07,0.6,0.6271773310001365,0.8120063191153238,0.6500661511726443
7,0.09,0.85,0.85,0.07,0.4,0.6271734809561501,0.8120063191153238,0.6500757762826104
7,0.09,0.85,0.8,0.07,0.4,0.6271734809561501,0.8120063191153238,0.6500757762826104
6,0.07,0.9,0.9,0.07,0.6,0.6271346276672822,0.8120063191153238,0.65017290950478
5,0.07,0.8,0.9,0.05,0.5,0.6271290548206061,0.8120063191153238,0.6501868416214706
6,0.08,0.85,0.85,0.07,0.6,0.6271219705821371,0.8120063191153238,0.650204552217643
6,0.08,0.85,0.8,0.07,0.6,0.6271219705821371,0.8120063191153238,0.650204552217643
5,0.07,0.9,0.9,0.03,0.6,0.6271139606273983,0.8120063191153238,0.6502245771044899
7,0.07,0.9,0.9,0.07,0.4,0.6271117339582952,0.8120063191153238,0.6502301437772477
6,0.08,0.9,0.85,0.07,0.5,0.627108541927112,0.8120063191153238,0.6502381238552057
6,0.08,0.9,0.8,0.07,0.5,0.627108541927112,0.8120063191153238,0.6502381238552057
5,0.09,0.85,0.85,0.03,0.5,0.6270927436517771,0.8120063191153238,0.6502776195435429
5,0.09,0.85,0.8,0.03,0.5,0.6270927436517771,0.8120063191153238,0.6502776195435429
6,0.07,0.9,0.85,0.05,0.6,0.6270828130067263,0.8120063191153238,0.6503024461561698
6,0.07,0.9,0.8,0.05,0.6,0.6270828130067263,0.8120063191153238,0.6503024461561698
7,0.07,0.85,0.8,0.03,0.6,0.6270636956496473,0.8120063191153238,0.6503502395488675
7,0.07,0.85,0.85,0.03,0.6,0.6270636956496473,0.8120063191153238,0.6503502395488675
5,0.08,0.85,0.8,0.05,0.4,0.6270599550912004,0.8120063191153238,0.6503595909449846
5,0.08,0.85,0.85,0.05,0.4,0.6270599550912004,0.8120063191153238,0.6503595909449846
7,0.07,0.8,0.9,0.05,0.5,0.6270579966143308,0.8120063191153238,0.6503644871371586
5,0.09,0.8,0.9,0.05,0.6,0.6270146411449583,0.8120063191153238,0.65047287581059
6,0.08,0.85,0.9,0.03,0.4,0.6270078965619049,0.8120063191153238,0.6504897372682233
5,0.08,0.8,0.9,0.03,0.4,0.6270054675401627,0.8120063191153238,0.6504958098225788
6,0.09,0.85,0.9,0.07,0.5,0.6269970090367267,0.8120063191153238,0.6505169560811689
5,0.08,0.9,0.9,0.03,0.4,0.6269750796921971,0.8120063191153238,0.650571779442493
7,0.09,0.8,0.8,0.05,0.5,0.6269678927790001,0.8120063191153238,0.6505897467254854
7,0.09,0.8,0.85,0.05,0.5,0.6269678927790001,0.8120063191153238,0.6505897467254854
7,0.07,0.85,0.8,0.07,0.6,0.6269563448987107,0.8120063191153238,0.650618616426209
7,0.07,0.85,0.85,0.07,0.6,0.6269563448987107,0.8120063191153238,0.650618616426209
7,0.09,0.8,0.8,0.03,0.6,0.6269546895155069,0.8120063191153238,0.6506227548842184
7,0.09,0.8,0.85,0.03,0.6,0.6269546895155069,0.8120063191153238,0.6506227548842184
5,0.09,0.85,0.85,0.07,0.6,0.6269518033038667,0.8120063191153238,0.650629970413319
5,0.09,0.85,0.8,0.07,0.6,0.6269518033038667,0.8120063191153238,0.650629970413319
5,0.08,0.8,0.8,0.03,0.5,0.6269394121509376,0.8120063191153238,0.6506609482956417
5,0.08,0.8,0.85,0.03,0.5,0.6269394121509376,0.8120063191153238,0.6506609482956417
7,0.08,0.85,0.9,0.03,0.5,0.6269198017949098,0.8120063191153238,0.6507099741857111
6,0.08,0.9,0.8,0.03,0.5,0.6269126297078476,0.8120063191153238,0.6507279044033668
6,0.08,0.9,0.85,0.03,0.5,0.6269126297078476,0.8120063191153238,0.6507279044033668
6,0.07,0.8,0.85,0.07,0.4,0.6269026982122783,0.8120063191153238,0.6507527331422901
6,0.07,0.8,0.8,0.07,0.4,0.6269026982122783,0.8120063191153238,0.6507527331422901
6,0.08,0.85,0.85,0.07,0.4,0.6269007689685959,0.8120063191153238,0.6507575562514959
6,0.08,0.85,0.8,0.07,0.4,0.6269007689685959,0.8120063191153238,0.6507575562514959
7,0.08,0.9,0.9,0.05,0.5,0.6268697886113767,0.8120063191153238,0.650835007144544
5,0.09,0.9,0.8,0.07,0.5,0.626867673562634,0.8120063191153238,0.6508402947664008
5,0.09,0.9,0.85,0.07,0.5,0.626867673562634,0.8120063191153238,0.6508402947664008
6,0.09,0.9,0.9,0.05,0.5,0.6268529006733319,0.8120063191153238,0.6508772269896559
6,0.08,0.8,0.85,0.03,0.5,0.6268273049024402,0.8120063191153238,0.6509412164168852
6,0.08,0.8,0.8,0.03,0.5,0.6268273049024402,0.8120063191153238,0.6509412164168852
6,0.08,0.85,0.9,0.03,0.5,0.6268261974548207,0.8120063191153238,0.6509439850359339
5,0.08,0.8,0.85,0.07,0.5,0.6268145738634823,0.8120063191153238,0.65097304401428
5,0.08,0.8,0.8,0.07,0.5,0.6268145738634823,0.8120063191153238,0.65097304401428
7,0.08,0.85,0.8,0.05,0.6,0.6268138942169874,0.8120063191153238,0.6509747431305173
7,0.08,0.85,0.85,0.05,0.6,0.6268138942169874,0.8120063191153238,0.6509747431305173
7,0.09,0.9,0.8,0.07,0.6,0.626806892281906,0.8120063191153238,0.6509922479682206
7,0.09,0.9,0.85,0.07,0.6,0.626806892281906,0.8120063191153238,0.6509922479682206
5,0.09,0.8,0.85,0.07,0.5,0.6268061204925237,0.8120063191153238,0.6509941774416764
5,0.09,0.8,0.8,0.07,0.5,0.6268061204925237,0.8120063191153238,0.6509941774416764
7,0.09,0.85,0.85,0.07,0.5,0.626791462097984,0.8120063191153238,0.6510308234280258
7,0.09,0.85,0.8,0.07,0.5,0.626791462097984,0.8120063191153238,0.6510308234280258
6,0.08,0.85,0.8,0.03,0.6,0.6267803259578434,0.8120063191153238,0.6510586637783773
6,0.08,0.85,0.85,0.03,0.6,0.6267803259578434,0.8120063191153238,0.6510586637783773
6,0.08,0.85,0.85,0.07,0.5,0.6267791427925358,0.8120063191153238,0.6510616216916464
6,0.08,0.85,0.8,0.07,0.5,0.6267791427925358,0.8120063191153238,0.6510616216916464
6,0.07,0.9,0.9,0.07,0.4,0.6267774912666176,0.8120063191153238,0.6510657505064417
7,0.07,0.85,0.9,0.05,0.4,0.6267686793765421,0.8120063191153238,0.6510877802316303
5,0.08,0.85,0.9,0.07,0.4,0.6267659765786382,0.8120063191153238,0.6510945372263902
5,0.08,0.9,0.9,0.07,0.4,0.6267468079217472,0.8120063191153238,0.6511424588686178
7,0.09,0.8,0.85,0.03,0.4,0.6267448012825603,0.8120063191153238,0.6511474754665849
7,0.09,0.8,0.8,0.03,0.4,0.6267448012825603,0.8120063191153238,0.6511474754665849
6,0.07,0.85,0.9,0.03,0.5,0.6267377866660702,0.8120063191153238,0.6511650120078104
5,0.07,0.85,0.85,0.03,0.4,0.6267119073719524,0.8120063191153238,0.6512297102431048
5,0.07,0.85,0.8,0.03,0.4,0.6267119073719524,0.8120063191153238,0.6512297102431048
7,0.09,0.85,0.9,0.07,0.6,0.6267085400969478,0.8120063191153238,0.6512381284306163
6,0.09,0.8,0.9,0.07,0.4,0.6267043452981497,0.8120063191153238,0.6512486154276115
5,0.09,0.9,0.9,0.03,0.4,0.6267032080838926,0.8120063191153238,0.6512514584632544
6,0.09,0.9,0.9,0.03,0.6,0.6266966030369461,0.8120063191153238,0.6512679710806205
5,0.09,0.8,0.85,0.07,0.6,0.6266385637366233,0.8120063191153238,0.6514130693314275
5,0.09,0.8,0.8,0.07,0.6,0.6266385637366233,0.8120063191153238,0.6514130693314275
6,0.07,0.9,0.85,0.05,0.4,0.6266251745089245,0.8120063191153238,0.6514465424006745
6,0.07,0.9,0.8,0.05,0.4,0.6266251745089245,0.8120063191153238,0.6514465424006745
6,0.07,0.9,0.85,0.07,0.4,0.6266045563196334,0.8120063191153238,0.6514980878739021
6,0.07,0.9,0.8,0.07,0.4,0.6266045563196334,0.8120063191153238,0.6514980878739021
5,0.08,0.8,0.85,0.07,0.6,0.6265900931024568,0.8120063191153238,0.6515342459168436
5,0.08,0.8,0.8,0.07,0.6,0.6265900931024568,0.8120063191153238,0.6515342459168436
6,0.08,0.9,0.9,0.07,0.4,0.6265868276987208,0.8120063191153238,0.6515424094261837
7,0.08,0.8,0.9,0.03,0.6,0.6265684644900132,0.8120063191153238,0.6515883174479525
5,0.08,0.85,0.8,0.03,0.4,0.6265371829655739,0.8120063191153238,0.6516665212590509
5,0.08,0.85,0.85,0.03,0.4,0.6265371829655739,0.8120063191153238,0.6516665212590509
5,0.09,0.8,0.9,0.07,0.6,0.6265362433855779,0.8120063191153238,0.6516688702090409
5,0.07,0.85,0.8,0.07,0.4,0.6265167854557665,0.8120063191153238,0.6517175150335695
5,0.07,0.85,0.85,0.07,0.4,0.6265167854557665,0.8120063191153238,0.6517175150335695
7,0.07,0.85,0.9,0.07,0.5,0.6265019875754879,0.8120063191153238,0.6517545097342659
6,0.07,0.8,0.9,0.03,0.4,0.6264738033624786,0.8120063191153238,0.6518249702667893
7,0.09,0.9,0.8,0.07,0.5,0.6264578171609851,0.8120063191153238,0.6518649357705227
7,0.09,0.9,0.85,0.07,0.5,0.6264578171609851,0.8120063191153238,0.6518649357705227
6,0.07,0.9,0.9,0.05,0.6,0.6264483151146495,0.8120063191153238,0.651888690886362
7,0.08,0.9,0.9,0.03,0.5,0.6264462408571279,0.8120063191153238,0.6518938765301662
6,0.09,0.9,0.8,0.07,0.4,0.6263841462412703,0.8120063191153238,0.65204911306981
6,0.09,0.9,0.85,0.07,0.4,0.6263841462412703,0.8120063191153238,0.65204911306981
6,0.07,0.85,0.85,0.03,0.4,0.6263494106714762,0.8120063191153238,0.6521359519942953
6,0.07,0.85,0.8,0.03,0.4,0.6263494106714762,0.8120063191153238,0.6521359519942953
6,0.07,0.9,0.8,0.03,0.6,0.626335727864521,0.8120063191153238,0.6521701590116833
6,0.07,0.9,0.85,0.03,0.6,0.626335727864521,0.8120063191153238,0.6521701590116833
7,0.07,0.9,0.9,0.05,0.5,0.626332440233107,0.8120063191153238,0.6521783780902183
7,0.09,0.9,0.85,0.07,0.4,0.6263291771052047,0.8120063191153238,0.6521865359099739
7,0.09,0.9,0.8,0.07,0.4,0.6263291771052047,0.8120063191153238,0.6521865359099739
5,0.08,0.9,0.9,0.05,0.6,0.6263253885744421,0.8120063191153238,0.6521960072368804
6,0.08,0.9,0.85,0.03,0.6,0.6263128089987999,0.8120063191153238,0.652227456175986
6,0.08,0.9,0.8,0.03,0.6,0.6263128089987999,0.8120063191153238,0.652227456175986
5,0.08,0.8,0.85,0.03,0.4,0.6262832032151053,0.8120063191153238,0.6523014706352223
5,0.08,0.8,0.8,0.03,0.4,0.6262832032151053,0.8120063191153238,0.6523014706352223
6,0.07,0.85,0.9,0.05,0.4,0.6262807609861856,0.8120063191153238,0.6523075762075219
5,0.09,0.85,0.8,0.03,0.4,0.6262731865310833,0.8120063191153238,0.6523265123452775
5,0.09,0.85,0.85,0.03,0.4,0.6262731865310833,0.8120063191153238,0.6523265123452775
7,0.08,0.85,0.9,0.07,0.5,0.626262114044192,0.8120063191153238,0.6523541935625059
6,0.09,0.85,0.85,0.03,0.4,0.6262435928165052,0.8120063191153238,0.6524004966317226
6,0.09,0.85,0.8,0.03,0.4,0.6262435928165052,0.8120063191153238,0.6524004966317226
5,0.09,0.85,0.9,0.05,0.6,0.6262319583930314,0.8120063191153238,0.6524295826904072
5,0.09,0.9,0.8,0.05,0.5,0.6262311795475841,0.8120063191153238,0.6524315298040255
5,0.09,0.9,0.85,0.05,0.5,0.6262311795475841,0.8120063191153238,0.6524315298040255
5,0.09,0.8,0.85,0.05,0.5,0.6262220314035867,0.8120063191153238,0.6524544001640191
5,0.09,0.8,0.8,0.05,0.5,0.6262220314035867,0.8120063191153238,0.6524544001640191
6,0.09,0.9,0.8,0.07,0.5,0.6262111814565184,0.8120063191153238,0.6524815250316895
6,0.09,0.9,0.85,0.07,0.5,0.6262111814565184,0.8120063191153238,0.6524815250316895
5,0.07,0.85,0.8,0.07,0.5,0.6261866018291229,0.8120063191153238,0.6525429741001784
5,0.07,0.85,0.85,0.07,0.5,0.6261866018291229,0.8120063191153238,0.6525429741001784
5,0.09,0.85,0.8,0.07,0.4,0.6261619350216276,0.8120063191153238,0.6526046411189167
5,0.09,0.85,0.85,0.07,0.4,0.6261619350216276,0.8120063191153238,0.6526046411189167
5,0.08,0.85,0.9,0.07,0.5,0.6261573552285089,0.8120063191153238,0.6526160906017133
7,0.08,0.9,0.85,0.03,0.6,0.6261442994692,0.8120063191153238,0.6526487299999856
7,0.08,0.9,0.8,0.03,0.6,0.6261442994692,0.8120063191153238,0.6526487299999856
7,0.07,0.85,0.85,0.07,0.5,0.6261421810513947,0.8120063191153238,0.6526540260444988
7,0.07,0.85,0.8,0.07,0.5,0.6261421810513947,0.8120063191153238,0.6526540260444988
5,0.09,0.85,0.9,0.07,0.6,0.6261151472491375,0.8120063191153238,0.652721610550142
7,0.07,0.85,0.85,0.03,0.4,0.6261078790549393,0.8120063191153238,0.6527397810356376
7,0.07,0.85,0.8,0.03,0.4,0.6261078790549393,0.8120063191153238,0.6527397810356376
5,0.09,0.8,0.9,0.03,0.4,0.6261007526143338,0.8120063191153238,0.652757597137151
7,0.07,0.85,0.9,0.05,0.6,0.6260996529908981,0.8120063191153238,0.6527603461957404
7,0.09,0.85,0.9,0.05,0.5,0.6260976144067988,0.8120063191153238,0.6527654426559888
5,0.08,0.85,0.9,0.03,0.5,0.6260694755672565,0.8120063191153238,0.6528357897548445
7,0.08,0.9,0.8,0.05,0.4,0.6260624876316971,0.8120063191153238,0.6528532595937427
7,0.08,0.9,0.85,0.05,0.4,0.6260624876316971,0.8120063191153238,0.6528532595937427
5,0.08,0.85,0.9,0.05,0.5,0.6260490319850132,0.8120063191153238,0.6528868987104529
5,0.09,0.8,0.9,0.07,0.4,0.6260350252855394,0.8120063191153238,0.6529219154591371
7,0.09,0.85,0.9,0.05,0.4,0.6260054729993435,0.8120063191153238,0.652995796174627
7,0.09,0.85,0.85,0.03,0.5,0.6259963607768678,0.8120063191153238,0.6530185767308162
7,0.09,0.85,0.8,0.03,0.5,0.6259963607768678,0.8120063191153238,0.6530185767308162
5,0.09,0.8,0.9,0.05,0.5,0.6259735602221426,0.8120063191153238,0.6530755781176294
7,0.08,0.85,0.85,0.07,0.4,0.6259726022291608,0.8120063191153238,0.6530779731000835
7,0.08,0.85,0.8,0.07,0.4,0.6259726022291608,0.8120063191153238,0.6530779731000835
7,0.08,0.9,0.85,0.05,0.6,0.6259641556679516,0.8120063191153238,0.6530990895031068
7,0.08,0.9,0.8,0.05,0.6,0.6259641556679516,0.8120063191153238,0.6530990895031068
6,0.09,0.8,0.9,0.03,0.5,0.6259574756447878,0.8120063191153238,0.6531157895610163
6,0.08,0.85,0.8,0.03,0.5,0.6259456653292754,0.8120063191153238,0.6531453153497973
6,0.08,0.85,0.85,0.03,0.5,0.6259456653292754,0.8120063191153238,0.6531453153497973
7,0.07,0.85,0.8,0.05,0.6,0.6259293890011461,0.8120063191153238,0.6531860061701202
7,0.07,0.85,0.85,0.05,0.6,0.6259293890011461,0.8120063191153238,0.6531860061701202
7,0.07,0.9,0.85,0.05,0.4,0.6259183041017945,0.8120063191153238,0.6532137184184994
7,0.07,0.9,0.8,0.05,0.4,0.6259183041017945,0.8120063191153238,0.6532137184184994
5,0.07,0.9,0.9,0.05,0.4,0.6259153650111224,0.8120063191153238,0.6532210661451796
5,0.09,0.9,0.8,0.03,0.4,0.6259103721320074,0.8120063191153238,0.6532335483429673
5,0.09,0.9,0.85,0.03,0.4,0.6259103721320074,0.8120063191153238,0.6532335483429673
7,0.08,0.8,0.85,0.07,0.5,0.6258837557094099,0.8120063191153238,0.6533000893994608
7,0.08,0.8,0.8,0.07,0.5,0.6258837557094099,0.8120063191153238,0.6533000893994608
7,0.07,0.8,0.8,0.03,0.5,0.6258266196170638,0.8120063191153238,0.6534429296303262
7,0.07,0.8,0.85,0.03,0.5,0.6258266196170638,0.8120063191153238,0.6534429296303262
6,0.09,0.85,0.85,0.05,0.4,0.6258196456187164,0.8120063191153238,0.6534603646261946
6,0.09,0.85,0.8,0.05,0.4,0.6258196456187164,0.8120063191153238,0.6534603646261946
5,0.08,0.8,0.85,0.05,0.6,0.625805266946631,0.8120063191153238,0.6534963113064082
5,0.08,0.8,0.8,0.05,0.6,0.625805266946631,0.8120063191153238,0.6534963113064082
5,0.09,0.85,0.85,0.05,0.6,0.6258012018704203,0.8120063191153238,0.6535064739969348
5,0.09,0.85,0.8,0.05,0.6,0.6258012018704203,0.8120063191153238,0.6535064739969348
6,0.09,0.9,0.9,0.03,0.4,0.6257945660402703,0.8120063191153238,0.65352306357231
5,0.09,0.8,0.9,0.03,0.6,0.6257883356688446,0.8120063191153238,0.6535386395008741
6,0.09,0.9,0.9,0.05,0.6,0.6257369654379994,0.8120063191153238,0.6536670650779871
7,0.08,0.85,0.9,0.07,0.6,0.6257276279793195,0.8120063191153238,0.6536904087246871
5,0.08,0.9,0.8,0.03,0.4,0.62571920616414,0.8120063191153238,0.6537114632626356
5,0.08,0.9,0.85,0.03,0.4,0.62571920616414,0.8120063191153238,0.6537114632626356
7,0.07,0.8,0.85,0.07,0.4,0.6257053689101622,0.8120063191153238,0.6537460563975802
7,0.07,0.8,0.8,0.07,0.4,0.6257053689101622,0.8120063191153238,0.6537460563975802
6,0.09,0.85,0.8,0.03,0.6,0.625698823903926,0.8120063191153238,0.6537624189131709
6,0.09,0.85,0.85,0.03,0.6,0.625698823903926,0.8120063191153238,0.6537624189131709
7,0.08,0.9,0.9,0.05,0.4,0.6256232493338214,0.8120063191153238,0.6539513553384321
5,0.07,0.85,0.85,0.05,0.4,0.6256176445365556,0.8120063191153238,0.6539653673315967
5,0.07,0.85,0.8,0.05,0.4,0.6256176445365556,0.8120063191153238,0.6539653673315967
7,0.08,0.85,0.8,0.05,0.5,0.6256083670415578,0.8120063191153238,0.6539885610690913
7,0.08,0.85,0.85,0.05,0.5,0.6256083670415578,0.8120063191153238,0.6539885610690913
5,0.08,0.8,0.8,0.05,0.5,0.6255741126675722,0.8120063191153238,0.6540741970040552
5,0.08,0.8,0.85,0.05,0.5,0.6255741126675722,0.8120063191153238,0.6540741970040552
7,0.09,0.85,0.8,0.05,0.4,0.6255661156059724,0.8120063191153238,0.6540941896580548
7,0.09,0.85,0.85,0.05,0.4,0.6255661156059724,0.8120063191153238,0.6540941896580548
7,0.09,0.85,0.9,0.03,0.6,0.6255219786409361,0.8120063191153238,0.6542045320706457
5,0.07,0.8,0.9,0.07,0.5,0.6255014214396418,0.8120063191153238,0.6542559250738811
7,0.07,0.9,0.8,0.03,0.4,0.6254999806517545,0.8120063191153238,0.6542595270435995
7,0.07,0.9,0.85,0.03,0.4,0.6254999806517545,0.8120063191153238,0.6542595270435995
6,0.09,0.9,0.9,0.07,0.4,0.625471873825048,0.8120063191153238,0.6543297941103658
7,0.09,0.8,0.85,0.05,0.4,0.6254553961222574,0.8120063191153238,0.6543709883673421
7,0.09,0.8,0.8,0.05,0.4,0.6254553961222574,0.8120063191153238,0.6543709883673421
7,0.09,0.9,0.9,0.07,0.6,0.6254523225434098,0.8120063191153238,0.6543786723144612
7,0.08,0.85,0.9,0.05,0.6,0.6254515170220964,0.8120063191153238,0.6543806861177445
5,0.08,0.8,0.8,0.03,0.6,0.6254488493101772,0.8120063191153238,0.6543873553975427
5,0.08,0.8,0.85,0.03,0.6,0.6254488493101772,0.8120063191153238,0.6543873553975427
7,0.08,0.9,0.9,0.07,0.4,0.625437107481007,0.8120063191153238,0.6544167099704682
7,0.08,0.8,0.9,0.03,0.4,0.6254291120091017,0.8120063191153238,0.6544366986502315
6,0.09,0.85,0.9,0.03,0.6,0.6253977741634613,0.8120063191153238,0.6545150432643325
7,0.07,0.9,0.9,0.03,0.4,0.6253264837474412,0.8120063191153238,0.6546932693043828
5,0.07,0.85,0.8,0.05,0.6,0.6253110280768888,0.8120063191153238,0.6547319084807637
5,0.07,0.85,0.85,0.05,0.6,0.6253110280768888,0.8120063191153238,0.6547319084807637
5,0.09,0.8,0.85,0.07,0.4,0.6252817527898251,0.8120063191153238,0.6548050966984229
5,0.09,0.8,0.8,0.07,0.4,0.6252817527898251,0.8120063191153238,0.6548050966984229
7,0.09,0.85,0.9,0.05,0.6,0.6251937603988029,0.8120063191153238,0.6550250776759784
7,0.08,0.9,0.8,0.07,0.5,0.6251931380063165,0.8120063191153238,0.6550266336571946
7,0.08,0.9,0.85,0.07,0.5,0.6251931380063165,0.8120063191153238,0.6550266336571946
6,0.07,0.8,0.8,0.05,0.4,0.6251807932746514,0.8120063191153238,0.6550574954863572
6,0.07,0.8,0.85,0.05,0.4,0.6251807932746514,0.8120063191153238,0.6550574954863572
5,0.09,0.8,0.8,0.05,0.6,0.6251521666524877,0.8120063191153238,0.6551290620417664
5,0.09,0.8,0.85,0.05,0.6,0.6251521666524877,0.8120063191153238,0.6551290620417664
7,0.07,0.9,0.9,0.07,0.6,0.625144867671875,0.8120063191153238,0.6551473094932981
7,0.07,0.85,0.8,0.07,0.4,0.6251423766267996,0.8120063191153238,0.6551535371059867
7,0.07,0.85,0.85,0.07,0.4,0.6251423766267996,0.8120063191153238,0.6551535371059867
7,0.08,0.85,0.8,0.03,0.5,0.6251069932889576,0.8120063191153238,0.6552419954505917
7,0.08,0.85,0.85,0.03,0.5,0.6251069932889576,0.8120063191153238,0.6552419954505917
5,0.07,0.85,0.8,0.03,0.5,0.6250657150334022,0.8120063191153238,0.6553451910894802
5,0.07,0.85,0.85,0.03,0.5,0.6250657150334022,0.8120063191153238,0.6553451910894802
5,0.07,0.85,0.85,0.03,0.6,0.6250561715375844,0.8120063191153238,0.6553690498290248
5,0.07,0.85,0.8,0.03,0.6,0.6250561715375844,0.8120063191153238,0.6553690498290248
7,0.09,0.85,0.9,0.03,0.5,0.6250543804246086,0.8120063191153238,0.6553735276114642
7,0.09,0.9,0.9,0.07,0.5,0.6250353095096569,0.8120063191153238,0.6554212048988434
7,0.08,0.9,0.85,0.07,0.6,0.6250273087227837,0.8120063191153238,0.6554412068660266
7,0.08,0.9,0.8,0.07,0.6,0.6250273087227837,0.8120063191153238,0.6554412068660266
7,0.08,0.9,0.8,0.03,0.4,0.6250132244576396,0.8120063191153238,0.6554764175288865
7,0.08,0.9,0.85,0.03,0.4,0.6250132244576396,0.8120063191153238,0.6554764175288865
7,0.07,0.8,0.8,0.05,0.5,0.6250059025676393,0.8120063191153238,0.6554947222538875
7,0.07,0.8,0.85,0.05,0.5,0.6250059025676393,0.8120063191153238,0.6554947222538875
7,0.08,0.85,0.85,0.07,0.6,0.6249491613615183,0.8120063191153238,0.6556365752691897
7,0.08,0.85,0.8,0.07,0.6,0.6249491613615183,0.8120063191153238,0.6556365752691897
7,0.08,0.9,0.85,0.03,0.5,0.6249243290306864,0.8120063191153238,0.6556986560962698
7,0.08,0.9,0.8,0.03,0.5,0.6249243290306864,0.8120063191153238,0.6556986560962698
7,0.09,0.85,0.8,0.05,0.6,0.6249191909073708,0.8120063191153238,0.6557115014045586
7,0.09,0.85,0.85,0.05,0.6,0.6249191909073708,0.8120063191153238,0.6557115014045586
6,0.09,0.9,0.8,0.05,0.5,0.624912665770771,0.8120063191153238,0.6557278142460583
6,0.09,0.9,0.85,0.05,0.5,0.624912665770771,0.8120063191153238,0.6557278142460583
5,0.07,0.8,0.85,0.03,0.5,0.6249095347686338,0.8120063191153238,0.6557356417514014
5,0.07,0.8,0.8,0.03,0.5,0.6249095347686338,0.8120063191153238,0.6557356417514014
5,0.07,0.8,0.85,0.07,0.6,0.6248192907560213,0.8120063191153238,0.6559612517829325
5,0.07,0.8,0.8,0.07,0.6,0.6248192907560213,0.8120063191153238,0.6559612517829325
6,0.09,0.9,0.9,0.03,0.5,0.6248137883692444,0.8120063191153238,0.6559750077498747
7,0.09,0.9,0.9,0.05,0.4,0.6248044263070921,0.8120063191153238,0.6559984129052555
5,0.07,0.85,0.8,0.05,0.5,0.6247731744655883,0.8120063191153238,0.6560765425090149
5,0.07,0.85,0.85,0.05,0.5,0.6247731744655883,0.8120063191153238,0.6560765425090149
6,0.08,0.8,0.8,0.03,0.6,0.624770872449741,0.8120063191153238,0.6560822975486331
6,0.08,0.8,0.85,0.03,0.6,0.624770872449741,0.8120063191153238,0.6560822975486331
5,0.09,0.8,0.8,0.03,0.6,0.6247680940303908,0.8120063191153238,0.6560892435970086
5,0.09,0.8,0.85,0.03,0.6,0.6247680940303908,0.8120063191153238,0.6560892435970086
7,0.09,0.9,0.8,0.05,0.6,0.624739960800886,0.8120063191153238,0.6561595766707706
7,0.09,0.9,0.85,0.05,0.6,0.624739960800886,0.8120063191153238,0.6561595766707706
6,0.09,0.9,0.9,0.07,0.6,0.6247366211816493,0.8120063191153238,0.6561679257188624
6,0.07,0.9,0.9,0.03,0.4,0.6247300776493397,0.8120063191153238,0.6561842845496364
5,0.07,0.85,0.8,0.07,0.6,0.6247229460230623,0.8120063191153238,0.65620211361533
5,0.07,0.85,0.85,0.07,0.6,0.6247229460230623,0.8120063191153238,0.65620211361533
6,0.09,0.9,0.8,0.05,0.6,0.6246853706249678,0.8120063191153238,0.6562960521105662
6,0.09,0.9,0.85,0.05,0.6,0.6246853706249678,0.8120063191153238,0.6562960521105662
6,0.08,0.8,0.8,0.05,0.5,0.6246514137981576,0.8120063191153238,0.6563809441775916
6,0.08,0.8,0.85,0.05,0.5,0.6246514137981576,0.8120063191153238,0.6563809441775916
7,0.07,0.9,0.8,0.07,0.4,0.6246416990694604,0.8120063191153238,0.6564052309993347
7,0.07,0.9,0.85,0.07,0.4,0.6246416990694604,0.8120063191153238,0.6564052309993347
7,0.07,0.8,0.8,0.07,0.6,0.624640483707718,0.8120063191153238,0.6564082694036909
7,0.07,0.8,0.85,0.07,0.6,0.624640483707718,0.8120063191153238,0.6564082694036909
6,0.07,0.8,0.85,0.03,0.4,0.624621690013024,0.8120063191153238,0.6564552536404257
6,0.07,0.8,0.8,0.03,0.4,0.624621690013024,0.8120063191153238,0.6564552536404257
7,0.07,0.9,0.9,0.05,0.6,0.6245837961074782,0.8120063191153238,0.6565499884042902
7,0.07,0.9,0.9,0.03,0.6,0.6245402085037036,0.8120063191153238,0.6566589574137267
7,0.09,0.9,0.9,0.05,0.5,0.624340424277202,0.8120063191153238,0.6571584179799805
7,0.09,0.9,0.9,0.03,0.4,0.624286041863388,0.8120063191153238,0.6572943740145158
7,0.08,0.85,0.9,0.03,0.6,0.624239098887341,0.8120063191153238,0.6574117314546334
5,0.09,0.8,0.8,0.03,0.4,0.6242161184764061,0.8120063191153238,0.6574691824819703
5,0.09,0.8,0.85,0.03,0.4,0.6242161184764061,0.8120063191153238,0.6574691824819703
6,0.09,0.85,0.9,0.05,0.5,0.6241936478583168,0.8120063191153238,0.6575253590271937
7,0.07,0.8,0.8,0.07,0.5,0.6240826606369474,0.8120063191153238,0.6578028270806173
7,0.07,0.8,0.85,0.07,0.5,0.6240826606369474,0.8120063191153238,0.6578028270806173
5,0.09,0.8,0.85,0.05,0.4,0.6240019891598075,0.8120063191153238,0.6580045057734669
5,0.09,0.8,0.8,0.05,0.4,0.6240019891598075,0.8120063191153238,0.6580045057734669
7,0.09,0.9,0.9,0.05,0.6,0.6239250884260245,0.8120063191153238,0.6581967576079245
7,0.08,0.85,0.8,0.05,0.4,0.6238272162653978,0.8120063191153238,0.6584414380094912
7,0.08,0.85,0.85,0.05,0.4,0.6238272162653978,0.8120063191153238,0.6584414380094912
7,0.09,0.8,0.8,0.07,0.4,0.6237158205064195,0.8120063191153238,0.6587199274069371
7,0.09,0.8,0.85,0.07,0.4,0.6237158205064195,0.8120063191153238,0.6587199274069371
5,0.09,0.8,0.9,0.05,0.4,0.6236583528371951,0.8120063191153238,0.658863596579998
7,0.09,0.85,0.85,0.03,0.6,0.6234556900751986,0.8120063191153238,0.6593702534849892
7,0.09,0.85,0.8,0.03,0.6,0.6234556900751986,0.8120063191153238,0.6593702534849892
7,0.09,0.85,0.9,0.07,0.5,0.6232417053357127,0.8120063191153238,0.6599052153337039
6,0.09,0.85,0.9,0.05,0.6,0.6232309971294042,0.8120063191153238,0.6599319858494752
7,0.09,0.9,0.8,0.03,0.5,0.6231970818728151,0.8120063191153238,0.660016773990948
7,0.09,0.9,0.85,0.03,0.5,0.6231970818728151,0.8120063191153238,0.660016773990948
7,0.09,0.85,0.9,0.07,0.4,0.6229412649286751,0.8120063191153238,0.6606563163512981
7,0.09,0.9,0.8,0.05,0.4,0.6228503014207074,0.8120063191153238,0.6608837251212171
7,0.09,0.9,0.85,0.05,0.4,0.6228503014207074,0.8120063191153238,0.6608837251212171
7,0.09,0.9,0.9,0.07,0.4,0.6227097736649638,0.8120063191153238,0.661235044510576
7,0.07,0.85,0.8,0.05,0.4,0.6226775002757147,0.8120063191153238,0.6613157279836991
7,0.07,0.85,0.85,0.05,0.4,0.6226775002757147,0.8120063191153238,0.6613157279836991
7,0.09,0.9,0.8,0.03,0.4,0.6224496290530039,0.8120063191153238,0.6618854060404759
7,0.09,0.9,0.85,0.03,0.4,0.6224496290530039,0.8120063191153238,0.6618854060404759
5,0.08,0.8,0.9,0.07,0.5,0.6221072403363899,0.8120063191153238,0.6627413778320109
7,0.09,0.9,0.9,0.03,0.5,0.6220752127702738,0.8120063191153238,0.6628214467473011
7,0.09,0.85,0.9,0.03,0.4,0.621471223864012,0.8120063191153238,0.6643314190129558
